gameId	code	family	archetype	region	ruleComponents	lifecycleComponents	sourceStatus	sourceEvidence	allowedCreateFields	configSchemaHash
1	hzmj	mahjong:standard	mahjong/flower-extended/discard-response-window/multi-winner	NATIONAL	flowers,horse-bird,multi-hu,special-hu,wildcard	discard-response-window,multi-winner,horse-bird-ledger,wildcard-resolution	SOURCE_SIGNATURE_AVAILABLE	HZMJCalcPosEnd.java;HZMJRoomEnum.java;HZMJRoomSet.java;HZMJSetCard.java;HZMJSetOp.java;CHZMJCreateRoom.java;CHZMJ_CreateRoom.java;BaseCreateRoom.java;hzmjChildCreateRoom.js	clubCostType,clubId,clubWinnerPayConsume,createType,fangfei,fangjian,fangjianxianshi,gameIndex,gaoji,jiesan,jushu,kexuanwanfa,moban,paymentRoomCardType,playerMinNum,playerNum,renshu,setCount,suanFen,suanFenNum,tuoguan,wanfa,xianShi,yipaoduoxiangzhuaniao,zhuaMas	50d1f636df58ac54dd776db6e2036d67721bfdfac1ee5a27b5c4c20bc4bb7040
3	lymj	mahjong:standard	mahjong/flower-extended/standard-round/single-winner	PROVINCE/fujian	flowers,special-hu	standard-round,single-winner,gang-ledger	SOURCE_SIGNATURE_AVAILABLE	LYMJCalcPosEnd.java;LYMJRoomEnum.java;LYMJRoomSet.java;LYMJSetCard.java;LYMJSetOp.java;LYMJHuUtil.java;LYMJQZMHuUtil.java;CLYMJCreateRoom.java;CLYMJ_CreateRoom.java;BaseCreateRoom.java;lymjChildCreateRoom.js	beishu,fangjian,gaoji,jiesan,kexuanwanfa,paymentRoomCardType,playerMinNum,playerNum,setCount,wanfa,xianShi	cdbfa9d0f7bc4f47f17b64f99a27c959182becf804cf083c3ddb74fd72099524
4	xmmj	mahjong:standard	mahjong/flower-extended/special-deal/single-winner	PROVINCE/fujian	flowers,wildcard	special-deal,single-winner,gang-ledger,wildcard-resolution	SOURCE_SIGNATURE_AVAILABLE	XMMJCalcPosEnd.java;XMMJRoomEnum.java;XMMJRoomSet.java;XMMJSetCard.java;XMMJSetOp.java;CXMMJCreateRoom.java;CXMMJ_CreateRoom.java;BaseCreateRoom.java;xmmjChildCreateRoom.js	fangjian,gaoji,jiesan,jiesuan,kexuanwanfa,paymentRoomCardType,playerMinNum,playerNum,setCount,xianShi	731fb6796ebf13bbffe021183294c92ae7d6747e00991b072535d7d153a37d62
6	fzmj	mahjong:standard	mahjong/flower-extended/standard-round/single-winner	PROVINCE/fujian	flowers,special-hu,wildcard	standard-round,single-winner,wildcard-resolution	SOURCE_SIGNATURE_AVAILABLE	FZMJCalcPosEnd.java;FZMJRoomEnum.java;FZMJRoomSet.java;FZMJSetCard.java;FZMJSetOp.java;CFZMJCreateRoom.java;CFZMJ_CreateRoom.java;BaseCreateRoom.java;fzmjChildCreateRoom.js	difen,jiesan,kexuanwanfa,paymentRoomCardType,playerMinNum,playerNum,setCount,xianShi	71a835c12ef1c6513f00ac6404d9452d9b23f2e5aab970efa3ae579cfd129ed7
7	qzmj	mahjong:standard	mahjong/flower-extended/special-deal/single-winner	PROVINCE/fujian	flowers,wildcard	special-deal,single-winner,wildcard-resolution	SOURCE_SIGNATURE_AVAILABLE	QZMJCalcPosEnd.java;QZMJRoomEnum.java;QZMJRoomSet.java;QZMJSetCard.java;QZMJSetOp.java;CQZMJCreateRoom.java;CQZMJ_CreateRoom.java;BaseCreateRoom.java;qzmjChildCreateRoom.js	beishu,gaoji,jiesan,jiesuan,kexuanwanfa,paymentRoomCardType,playerMinNum,playerNum,setCount,xianShi	4d52f18ed7239c809ec49d59c154bd89fef435c4337447a46ec9da65b277852b
11	ptmj	mahjong:xue-zhan	mahjong/flower-extended/standard-round/single-winner	PROVINCE/fujian	flowers,wildcard	standard-round,single-winner,wildcard-resolution	SOURCE_SIGNATURE_AVAILABLE	PTMJCalcPosEnd.java;PTMJRoomEnum.java;PTMJRoomSet.java;PTMJSetCard.java;PTMJSetOp.java;CPTMJCreateRoom.java;CPTMJ_CreateRoom.java;BaseCreateRoom.java;ptmjChildCreateRoom.js	fangjian,gaoji,jiesan,kexuanwanfa,paymentRoomCardType,playerMinNum,playerNum,setCount,wanfa,xianShi	381989297dc29b95f7f968c655f9cd73b8c9fb9ca569ae77ed26e007ba680176
12	ndmj	mahjong:standard	mahjong/flower-extended/standard-round/single-winner	PROVINCE/fujian	flowers,special-hu,wildcard	standard-round,single-winner,wildcard-resolution	SOURCE_SIGNATURE_AVAILABLE	NDMJCalcPosEnd.java;NDMJRoomEnum.java;NDMJRoomSet.java;NDMJSetCard.java;NDMJSetOp.java;CNDMJCreateRoom.java;CNDMJ_CreateRoom.java;BaseCreateRoom.java;ndmjChildCreateRoom.js	fangjian,gaoji,jiesan,kexuanwanfa,paymentRoomCardType,playerMinNum,playerNum,setCount,wanfa,xianShi	b952e5109775aa1588e39b03c6314790188ece6a2d40450129faddc41ff6b112
13	smmj	mahjong:standard	mahjong/flower-extended/special-deal/single-winner	PROVINCE/fujian	flowers,special-hu,wildcard	special-deal,single-winner,gang-ledger,wildcard-resolution	SOURCE_SIGNATURE_AVAILABLE	SMMJCalcPosEnd.java;SMMJRoomEnum.java;SMMJRoomSet.java;SMMJSetCard.java;SMMJSetOp.java;CSMMJCreateRoom.java;CSMMJ_CreateRoom.java;BaseCreateRoom.java;smmjChildCreateRoom.js	difen,fangjian,gaoji,jiesan,kexuanwanfa,paymentRoomCardType,playerMinNum,playerNum,setCount,xianShi	a1c19ca8f0757cc97f7ae74657498b75760c733563a9f67be7713f07d5d28710
14	npmj	mahjong:lai-zi	mahjong/standard-tiles/discard-response-window/multi-winner	PROVINCE/fujian	flowers,multi-hu,wildcard	discard-response-window,multi-winner,wildcard-resolution	SOURCE_SIGNATURE_AVAILABLE	NPMJCalcPosEnd.java;NPMJRoomEnum.java;NPMJRoomSet.java;NPMJSetCard.java;NPMJSetOp.java;CNPMJCreateRoom.java;CNPMJ_CreateRoom.java;BaseCreateRoom.java;npmjChildCreateRoom.js	dianpaowanfa,fangjian,gaoji,jiesan,kexuanwanfa,paymentRoomCardType,playerMinNum,playerNum,qianggangwanf,setCount,xianShi	3061c75da095c9ad08dae6e7356562070c3a157ac43aba35da2415f50fd89b53
15	xymj	mahjong:standard	mahjong/flower-extended/standard-round/single-winner	PROVINCE/fujian	flowers,wildcard	standard-round,single-winner,wildcard-resolution	SOURCE_SIGNATURE_AVAILABLE	XYMJCalcPosEnd.java;XYMJRoomEnum.java;XYMJRoomSet.java;XYMJSetCard.java;XYMJSetOp.java;CXYMJCreateRoom.java;CXYMJ_CreateRoom.java;BaseCreateRoom.java;xymjChildCreateRoom.js	gaoji,jiesan,kexuanwanfa,paymentRoomCardType,playerMinNum,playerNum,setCount,wanfa,xianShi	15dbe36f96a10b416362dae0cd3fa6f424dd5d6d89169943d84c51a506c8295e
16	ssmj	mahjong:standard	mahjong/flower-extended/pre-seat-choice/multi-winner	PROVINCE/fujian	flowers,multi-hu,piao-xiapao,response-choice,wildcard	pre-seat-choice,multi-winner,gang-ledger,wildcard-resolution	SOURCE_SIGNATURE_AVAILABLE	SSMJCalcPosEnd.java;SSMJRoomEnum.java;SSMJRoomSet.java;SSMJSetCard.java;SSMJSetOp.java;CSSMJCreateRoom.java;CSSMJ_CreateRoom.java;BaseCreateRoom.java;ssmjChildCreateRoom.js	gaoji,jiesan,kexuanwanfa,paymentRoomCardType,playerMinNum,playerNum,setCount,xianShi,youjin	194f315a2e90ece46ffc162a47439c7479b08c12c979545428ca1d051d2cc5e2
17	namj	mahjong:standard	mahjong/flower-extended/pre-seat-choice/single-winner	PROVINCE/fujian	flowers,piao-xiapao,response-choice,wildcard	pre-seat-choice,single-winner,wildcard-resolution	SOURCE_SIGNATURE_AVAILABLE	NAMJCalcPosEnd.java;NAMJRoomEnum.java;NAMJRoomSet.java;NAMJSetCard.java;NAMJSetOp.java;CNAMJCreateRoom.java;CNAMJ_CreateRoom.java;BaseCreateRoom.java;namjChildCreateRoom.js	gaoji,jiesan,kexuanwanfa,paymentRoomCardType,playerMinNum,playerNum,setCount,wanfa,xianShi	f5f02565e75fe97e29589ceae24b51567c0ca8a0ba4a59ce57cea870fc2beb62
18	pt13mj	mahjong:standard	mahjong/flower-extended/special-deal/single-winner	PROVINCE/fujian	flowers,wildcard	special-deal,single-winner,gang-ledger,wildcard-resolution	SOURCE_SIGNATURE_AVAILABLE	PT13MJCalcPosEnd.java;PT13MJRoomEnum.java;PT13MJRoomSet.java;PT13MJSetCard.java;PT13MJSetOp.java;CPT13MJCreateRoom.java;CPT13MJ_CreateRoom.java;BaseCreateRoom.java;pt13mjChildCreateRoom.js	fangjian,gaoji,jiesan,kexuanwanfa,paymentRoomCardType,playerMinNum,playerNum,setCount,xianShi	434a620e7512da95ec754d32dc1fdd21700fe6a711aaac8286a9c2c44d10d133
20	ygmj	mahjong:standard	mahjong/flower-extended/pre-seat-choice/single-winner	PROVINCE/jiangxi	flowers,piao-xiapao,special-hu,wildcard	pre-seat-choice,single-winner,gang-ledger,wildcard-resolution	SOURCE_SIGNATURE_AVAILABLE	YGMJCalcPosEnd.java;YGMJRoomEnum.java;YGMJRoomSet.java;YGMJSetCard.java;YGMJSetOp.java;CYGMJCreateRoom.java;CYGMJ_CreateRoom.java;BaseCreateRoom.java;ygmjChildCreateRoom.js	baofen,fafen,fangjian,feibaofengding,gaoji,jiesan,kexuanwanfa,paymentRoomCardType,playerMinNum,playerNum,setCount,tuoguan,wanfa,xianShi	e1cf1bfee428c47f01612002971e756ecba90d54d8fa6f054b2ca616729f5919
22	npgzmj	mahjong:lai-zi	mahjong/reduced-suits/pre-seat-choice/single-winner	PROVINCE/fujian	flowers,response-choice,special-hu,wildcard	pre-seat-choice,single-winner,gang-ledger,wildcard-resolution	SOURCE_SIGNATURE_AVAILABLE	NPGZMJCalcPosEnd.java;NPGZMJRoomEnum.java;NPGZMJRoomSet.java;NPGZMJSetCard.java;NPGZMJSetOp.java;CNPGZMJCreateRoom.java;CNPGZMJ_CreateRoom.java;BaseCreateRoom.java;npgzmjChildCreateRoom.js	fangjian,gaoji,jiesan,niaoshu,paymentRoomCardType,playerMinNum,playerNum,setCount,wanfa,xianShi	744935afd2361b8cd6535bf3cb381cccebed840df3e8347ed2a265da76cb022f
23	zjjhmj	mahjong:standard	mahjong/flower-extended/special-deal/single-winner	PROVINCE/zhejiang	flowers,special-hu,wildcard	special-deal,single-winner,wildcard-resolution	SOURCE_SIGNATURE_AVAILABLE	ZJJHMJCalcPosEnd.java;ZJJHMJRoomEnum.java;ZJJHMJRoomSet.java;ZJJHMJSetCard.java;ZJJHMJSetOp.java;CZJJHMJCreateRoom.java;CZJJHMJ_CreateRoom.java;BaseCreateRoom.java;zjjhmjChildCreateRoom.js	difen,fangjian,gaoji,jiesan,paymentRoomCardType,playerMinNum,playerNum,setCount,wanfa,xianShi	fca6c5c7d8b56d6043676f8a20e87d9fdf8b1a9656db97a41c281a116d5c0085
24	hbyxmj	mahjong:lai-zi	mahjong/flower-extended/discard-response-window/multi-winner	PROVINCE/hubei	flowers,horse-bird,multi-hu,special-hu,wildcard	discard-response-window,multi-winner,horse-bird-ledger,wildcard-resolution	SOURCE_SIGNATURE_AVAILABLE	HBYXMJCalcPosEnd.java;HBYXMJRoomEnum.java;HBYXMJRoomSet.java;HBYXMJSetCard.java;HBYXMJSetOp.java;CHBYXMJCreateRoom.java;CHBYXMJ_CreateRoom.java;BaseCreateRoom.java;hbyxmjChildCreateRoom.js	diFen,fangjian,fengDing,gaoji,jiesan,kexuanwanfa,moshi,paymentRoomCardType,playerMinNum,playerNum,setCount,wanfa,xianShi	bf19260aaf74671c0788c5d0f4f327972db73bbc00d2a46a0211629cb50f1d5c
25	srmj	mahjong:lai-zi	mahjong/standard-tiles/discard-response-window/multi-winner	PROVINCE/jiangxi	flowers,multi-hu,special-hu,wildcard	discard-response-window,multi-winner,wildcard-resolution	SOURCE_SIGNATURE_AVAILABLE	SRMJCalcPosEnd.java;SRMJRoomEnum.java;SRMJRoomSet.java;SRMJSetCard.java;SRMJSetOp.java;CSRMJCreateRoom.java;CSRMJ_CreateRoom.java;BaseCreateRoom.java;srmjChildCreateRoom.js	fangjian,gaoji,jiesan,kexuanwanfa,paymentRoomCardType,playerMinNum,playerNum,setCount,xianShi	328fd9cc5d395b99110b92051616bddaa214e24ecdd8feb84c6b46143d0f25a8
28	qdmj	mahjong:lai-zi	mahjong/standard-tiles/special-deal/single-winner	PROVINCE/shandong	flowers,special-hu,wildcard	special-deal,single-winner,wildcard-resolution	SOURCE_SIGNATURE_AVAILABLE	QDMJCalcPosEnd.java;QDMJRoomEnum.java;QDMJRoomSet.java;QDMJSetCard.java;QDMJSetOp.java;CQDMJCreateRoom.java;CQDMJ_CreateRoom.java;BaseCreateRoom.java;qdmjChildCreateRoom.js	fangjian,gaoji,jiesan,kexuanwanfa,paymentRoomCardType,playerMinNum,playerNum,setCount,wanfa,xianShi	87f5ed5386cf85a92716e9b1fc95afe5118db82c2f4c7dac5695da1667d3d369
29	ytmj	mahjong:standard	mahjong/flower-extended/discard-response-window/multi-winner	PROVINCE/henan	flowers,multi-hu,special-hu,wildcard	discard-response-window,multi-winner,gang-ledger,wildcard-resolution	SOURCE_SIGNATURE_AVAILABLE	YTMJCalcPosEnd.java;YTMJRoomEnum.java;YTMJRoomSet.java;YTMJSetCard.java;YTMJSetOp.java;CYTMJCreateRoom.java;CYTMJ_CreateRoom.java;BaseCreateRoom.java;ytmjChildCreateRoom.js	fengDing,gaoji,paymentRoomCardType,playerMinNum,playerNum,setCount,xianShi	45ac0375376c4e793a7a40392c8a4cbe5c539a4e1211340853b7f2f754f0d269
30	ykmj	mahjong:tui-dao-hu	mahjong/standard-tiles/discard-response-window/multi-winner	PROVINCE/liaoning	flowers,multi-hu,special-hu,wildcard	discard-response-window,multi-winner,gang-ledger,wildcard-resolution	SOURCE_SIGNATURE_AVAILABLE	YKMJCalcPosEnd.java;YKMJRoomEnum.java;YKMJRoomSet.java;YKMJSetCard.java;YKMJSetOp.java;YKMJHuUtil.java;CYKMJCreateRoom.java;CYKMJ_CreateRoom.java;BaseCreateRoom.java	""	7ac3b0d7c3f7c27528cfe7e141c501ff2ea4f5fa0f57e0a21d007d7844a82107
32	jmhhmj	mahjong:lai-zi	mahjong/reduced-suits/special-deal/single-winner	PROVINCE/hubei	flowers,special-hu,wildcard	special-deal,single-winner,gang-ledger,wildcard-resolution	SOURCE_SIGNATURE_AVAILABLE	JMHHMJCalcPosEnd.java;JMHHMJRoomEnum.java;JMHHMJRoomSet.java;JMHHMJSetCard.java;JMHHMJSetOp.java;CJMHHMJCreateRoom.java;CJMHHMJ_CreateRoom.java;BaseCreateRoom.java;jmhhmjChildCreateRoom.js	diFen,fangjian,gaoji,jiesan,kexuanwanfa,paymentRoomCardType,playerMinNum,playerNum,setCount,wanfa,xianShi	1b272f7e401a8242f7b0e84b00ce6ce15afcc6336c9c974e096402e0719fbb31
33	hamj	mahjong:standard	mahjong/flower-extended/standard-round/single-winner	PROVINCE/jiangsu	flowers,special-hu,wildcard	standard-round,single-winner,wildcard-resolution	SOURCE_SIGNATURE_AVAILABLE	HAMJCalcPosEnd.java;HAMJRoomEnum.java;HAMJRoomSet.java;HAMJSetCard.java;HAMJSetOp.java;CHAMJCreateRoom.java;CHAMJ_CreateRoom.java;BaseCreateRoom.java;hamjChildCreateRoom.js	fangjian,gaoji,jiesan,kexuanwanfa,lazi,paymentRoomCardType,playerMinNum,playerNum,setCount,xianShi	00058059f2c9f90ecee03e7cdbc98204c433240a04b6141eecaa39ece245feda
36	zjmj	mahjong:lai-zi	mahjong/flower-extended/standard-round/single-winner	PROVINCE/jiangsu	flowers,wildcard	standard-round,single-winner,gang-ledger,wildcard-resolution	SOURCE_SIGNATURE_AVAILABLE	ZJMJCalcPosEnd.java;ZJMJRoomEnum.java;ZJMJRoomSet.java;ZJMJSetCard.java;ZJMJSetOp.java;CZJMJCreateRoom.java;CZJMJ_CreateRoom.java;BaseCreateRoom.java;zjmjChildCreateRoom.js	beiShu,fengDing,gaoji,huDa,jiesan,kexuanwanfa,moShi,moban,paymentRoomCardType,playerMinNum,playerNum,setCount,xianShi	58d9ac7a5d949e8b86a4ef4875208a068019336f48fe89c141c01942f2ebcbf1
37	dymj	mahjong:lai-zi	mahjong/flower-extended/standard-round/single-winner	PROVINCE/jiangsu	flowers,wildcard	standard-round,single-winner,gang-ledger,wildcard-resolution	SOURCE_SIGNATURE_AVAILABLE	DYMJCalcPosEnd.java;DYMJRoomEnum.java;DYMJRoomSet.java;DYMJSetCard.java;DYMJSetOp.java;CDYMJCreateRoom.java;CDYMJ_CreateRoom.java;BaseCreateRoom.java;dymjChildCreateRoom.js	gaoji,jiesan,kexuanwanfa,moShi,moban,paymentRoomCardType,playerMinNum,playerNum,setCount,xianShi	f10fc5c423a10894c4226ee9e61f47f71244a964d35862072f7ada90e7d0f5fd
38	symj	mahjong:lai-zi	mahjong/flower-extended/pre-seat-choice/multi-winner	PROVINCE/jiangsu	flowers,multi-hu,piao-xiapao,special-hu,wildcard	pre-seat-choice,multi-winner,gang-ledger,wildcard-resolution	SOURCE_SIGNATURE_AVAILABLE	SYMJCalcPosEnd.java;SYMJRoomEnum.java;SYMJRoomSet.java;SYMJSetCard.java;SYMJSetOp.java;CSYMJCreateRoom.java;CSYMJ_CreateRoom.java;BaseCreateRoom.java;symjChildCreateRoom.js	fangjian,gaoji,jiesan,kexuanwanfa,paymentRoomCardType,piaoHua,playerMinNum,playerNum,setCount,xianShi	0b66dc80fcc4178714b8421c14d199347a34122d1ef916f8022e8a383b9fb925
40	csmj	mahjong:standard	mahjong/flower-extended/pre-seat-choice/multi-winner	PROVINCE/jiangsu	flowers,horse-bird,multi-hu,piao-xiapao,response-choice,wildcard	pre-seat-choice,multi-winner,horse-bird-ledger,wildcard-resolution	SOURCE_SIGNATURE_AVAILABLE	CSMJCalcPosEnd.java;CSMJRoomEnum.java;CSMJRoomSet.java;CSMJSetCard.java;CSMJSetOp.java;CCSMJCreateRoom.java;CCSMJ_CreateRoom.java;BaseCreateRoom.java;csmjChildCreateRoom.js	fangjian,gaoji,jiesan,kexuanwanfa,paymentRoomCardType,piaoHua,playerMinNum,playerNum,setCount,xianShi,zhuaMas	3384153b00aa6250494d8486d2c19fa8b2ddeaeab1863924ac9bb07a31e5dedb
41	wzmj	mahjong:standard	mahjong/flower-extended/pre-seat-choice/single-winner	PROVINCE/jiangxi	flowers,piao-xiapao,response-choice,special-hu,wildcard	pre-seat-choice,single-winner,gang-ledger,wildcard-resolution	SOURCE_SIGNATURE_AVAILABLE	WZMJCalcPosEnd.java;WZMJRoomEnum.java;WZMJRoomSet.java;WZMJSetCard.java;WZMJSetOp.java;CWZMJCreateRoom.java;CWZMJ_CreateRoom.java;BaseCreateRoom.java;wzmjChildCreateRoom.js	difen,fangjian,gaoji,jiesan,kexuanwanfa,lianmai,paymentRoomCardType,playerMinNum,playerNum,qingyisepinghu,setCount,shanghuopiaofen,xianShi	fd4d80c82c08105daa1aed889be757d65672e193802beb426cfa11b526d780c1
43	ycmj	mahjong:standard	mahjong/standard-tiles/pre-seat-choice/multi-winner	PROVINCE/jiangxi	flowers,multi-hu,piao-xiapao,special-hu	pre-seat-choice,multi-winner,gang-ledger	SOURCE_SIGNATURE_AVAILABLE	YCMJCalcPosEnd.java;YCMJRoomEnum.java;YCMJRoomSet.java;YCMJSetCard.java;YCMJSetOp.java;CYCMJCreateRoom.java;CYCMJ_CreateRoom.java;BaseCreateRoom.java;ycmjChildCreateRoom.js	difen,fangjian,gaoji,jiesan,paymentRoomCardType,playerMinNum,playerNum,setCount,wanfa,xianShi	03ad069ecd661eb547600193a43ccf38cc5b990f1537994b7635a7470fdbc52b
44	nhmj	mahjong:standard	mahjong/flower-extended/standard-round/single-winner	PROVINCE/fujian	flowers,wildcard	standard-round,single-winner,wildcard-resolution	SOURCE_SIGNATURE_AVAILABLE	NHMJCalcPosEnd.java;NHMJRoomEnum.java;NHMJRoomSet.java;NHMJSetCard.java;NHMJSetOp.java;CNHMJCreateRoom.java;CNHMJ_CreateRoom.java;BaseCreateRoom.java;nhmjChildCreateRoom.js	diFen,fangjian,gaoji,jiesan,kexuanwanfa,paymentRoomCardType,playerMinNum,playerNum,setCount,xianShi,zhuangJia	4246ede3a4d06064e9c3c1e9a884e4b4c33ab94a7e33219c943957a4734a0ac5
45	lpmj	mahjong:lai-zi	mahjong/reduced-suits/discard-response-window/multi-winner	PROVINCE/jiangxi	flowers,multi-hu,special-hu,wildcard	discard-response-window,multi-winner,wildcard-resolution	SOURCE_SIGNATURE_AVAILABLE	LPMJCalcPosEnd.java;LPMJRoomEnum.java;LPMJRoomSet.java;LPMJSetCard.java;LPMJSetOp.java;CLPMJCreateRoom.java;CLPMJ_CreateRoom.java;BaseCreateRoom.java;lpmjChildCreateRoom.js	fengDing,gaoji,jiesan,kexuanwanfa,paymentRoomCardType,playerMinNum,playerNum,setCount,xianShi	4bafa3848340716a1096ad86f883908a00fb2ed7374ae783a02bcec2564b6f86
46	bdmj	mahjong:tui-dao-hu	mahjong/standard-tiles/discard-response-window/multi-winner	PROVINCE/hebei	flowers,multi-hu,special-hu	discard-response-window,multi-winner,gang-ledger	SOURCE_SIGNATURE_AVAILABLE	BDMJCalcPosEnd.java;BDMJRoomEnum.java;BDMJRoomSet.java;BDMJSetCard.java;BDMJSetOp.java;CBDMJCreateRoom.java;CBDMJ_CreateRoom.java;BaseCreateRoom.java;bdmjChildCreateRoom.js	fengDing,gaoji,huPai,jiesan,kexuanwanfa,paymentRoomCardType,playerMinNum,playerNum,setCount,xianShi	1d93ca160a77904ae8fb52343ad0e4929c08f5d4aa46560f35d2bc85b9897681
47	yxmj	mahjong:standard	mahjong/flower-extended/pre-seat-choice/single-winner	PROVINCE/jiangsu	flowers,piao-xiapao,special-hu,wildcard	pre-seat-choice,single-winner,wildcard-resolution	SOURCE_SIGNATURE_AVAILABLE	YXMJCalcPosEnd.java;YXMJRoomEnum.java;YXMJRoomSet.java;YXMJSetCard.java;YXMJSetOp.java;CYXMJCreateRoom.java;CYXMJ_CreateRoom.java;BaseCreateRoom.java;yxmjChildCreateRoom.js	fangjian,gaoji,jiesan,kexuanwanfa,paymentRoomCardType,piaoHua,piaohuaxuanze,playerMinNum,playerNum,setCount,xianShi	5b6f035972a331f3714f27ec08fb4d9bcd425b82bcbffb933eda47b67ea09742
48	tzmj	mahjong:standard	mahjong/flower-extended/standard-round/single-winner	PROVINCE/shandong	flowers,special-hu,wildcard	standard-round,single-winner,gang-ledger,wildcard-resolution	SOURCE_SIGNATURE_AVAILABLE	TZMJCalcPosEnd.java;TZMJRoomEnum.java;TZMJRoomSet.java;TZMJSetCard.java;TZMJSetOp.java;CTZMJCreateRoom.java;CTZMJ_CreateRoom.java;BaseCreateRoom.java;tzmjChildCreateRoom.js	dianPao,fangjian,gaoji,huPai,jiesan,kexuanwanfa,paymentRoomCardType,playerMinNum,playerNum,setCount,suanFen,xianShi	dc570db40d00adf8aacea4418efdc32b4072c0e71d63a53a25d7d8e49bbe076e
49	sgmj	mahjong:standard	mahjong/flower-extended/standard-round/single-winner	PROVINCE/guangdong	flowers,horse-bird,special-hu,wildcard	standard-round,single-winner,horse-bird-ledger,gang-ledger,wildcard-resolution	SOURCE_SIGNATURE_AVAILABLE	SGMJCalcPosEnd.java;SGMJRoomEnum.java;SGMJRoomSet.java;SGMJSetCard.java;SGMJSetOp.java;CSGMJCreateRoom.java;CSGMJ_CreateRoom.java;BaseCreateRoom.java;sgmjChildCreateRoom.js	fangjian,gaoji,jiesan,kexuanwanfa,mapai,paymentRoomCardType,playerMinNum,playerNum,setCount,xianShi	33cdc885d7be40b4abde77df70f13545ad0b89a1189445bfc383c0ee9d5d1a22
50	yzmj	mahjong:lai-zi	mahjong/flower-extended/standard-round/single-winner	PROVINCE/jiangsu	flowers,special-hu,wildcard	standard-round,single-winner,gang-ledger,wildcard-resolution	SOURCE_SIGNATURE_AVAILABLE	YZMJCalcPosEnd.java;YZMJRoomEnum.java;YZMJRoomSet.java;YZMJSetCard.java;YZMJSetOp.java;CYZMJCreateRoom.java;CYZMJ_CreateRoom.java;BaseCreateRoom.java;yzmjChildCreateRoom.js	fangjian,fengDing,gaoji,jiesan,kexuanwanfa,paymentRoomCardType,playerMinNum,playerNum,setCount,xianShi	a2cf75687f064f095b9fc97955a53a4b7baaf2d41d1bc946dc9ca162da331305
53	jnmj	mahjong:standard	mahjong/flower-extended/special-deal/single-winner	PROVINCE/shandong	flowers,special-hu,wildcard	special-deal,single-winner,gang-ledger,wildcard-resolution	SOURCE_SIGNATURE_AVAILABLE	JNMJCalcPosEnd.java;JNMJRoomEnum.java;JNMJRoomSet.java;JNMJSetCard.java;JNMJSetOp.java;CJNMJCreateRoom.java;CJNMJ_CreateRoom.java;BaseCreateRoom.java;jnmjChildCreateRoom.js	fangjian,gaoji,jiesan,kexuanwanfa,paymentRoomCardType,playerMinNum,playerNum,setCount,xianShi	875ab71587e2b2304f0064e160a76cdc545d9c711e6ce5029186bf4a45b86cbb
54	jsyzmj	mahjong:standard	mahjong/flower-extended/standard-round/single-winner	PROVINCE/jiangsu	flowers,horse-bird,special-hu	standard-round,single-winner,horse-bird-ledger,gang-ledger	SOURCE_SIGNATURE_AVAILABLE	JSYZMJCalcPosEnd.java;JSYZMJRoomEnum.java;JSYZMJRoomSet.java;JSYZMJSetCard.java;JSYZMJSetOp.java;CJSYZMJCreateRoom.java;CJSYZMJ_CreateRoom.java;BaseCreateRoom.java;jsyzmjChildCreateRoom.js	fangjian,gaoji,hufa,jiesan,kexuanwanfa,paymentRoomCardType,playerMinNum,playerNum,setCount,wanfa,xianShi	b0fbffec48de677ab907ca4f4d1b3dfe6285578f0b66cb5cd9f57b99ed823905
55	tdhmj	mahjong:standard	mahjong/flower-extended/discard-response-window/multi-winner	PROVINCE/hebei	flowers,multi-hu,special-hu,wildcard	discard-response-window,multi-winner,wildcard-resolution	SOURCE_SIGNATURE_AVAILABLE	TDHMJCalcPosEnd.java;TDHMJRoomEnum.java;TDHMJRoomSet.java;TDHMJSetCard.java;TDHMJSetOp.java;CTDHMJCreateRoom.java;CTDHMJ_CreateRoom.java;BaseCreateRoom.java;tdhmjChildCreateRoom.js	fangjian,gaoji,hupai,kexuanwanfa,paymentRoomCardType,playerMinNum,playerNum,setCount,xianShi	1a9ca14faa5b29f5cbd7e4e49d515f509189c2819eff18c35a5f3e13f12fbe10
56	xtmj	mahjong:standard	mahjong/flower-extended/standard-round/single-winner	PROVINCE/hebei	flowers,horse-bird,special-hu,wildcard	standard-round,single-winner,horse-bird-ledger,gang-ledger,wildcard-resolution	SOURCE_SIGNATURE_AVAILABLE	XTMJCalcPosEnd.java;XTMJRoomEnum.java;XTMJRoomSet.java;XTMJSetCard.java;XTMJSetOp.java;CXTMJCreateRoom.java;CXTMJ_CreateRoom.java;BaseCreateRoom.java;xtmjChildCreateRoom.js	fangjian,gaoji,jiesan,kexuanwanfa,niaoshu,paymentRoomCardType,playerMinNum,playerNum,setCount,xianShi,yipaoduoxiangzhuaniao	89d884828de18c6c8fe6fa88a841c8f3f422776e557886e6d609319cd65ef77a
57	zpmj	mahjong:standard	mahjong/flower-extended/discard-response-window/multi-winner	PROVINCE/fujian	flowers,horse-bird,multi-hu,special-hu	discard-response-window,multi-winner,horse-bird-ledger,gang-ledger	SOURCE_SIGNATURE_AVAILABLE	ZPMJCalcPosEnd.java;ZPMJRoomEnum.java;ZPMJRoomSet.java;ZPMJSetCard.java;ZPMJSetOp.java;CZPMJCreateRoom.java;CZPMJ_CreateRoom.java;BaseCreateRoom.java;zpmjChildCreateRoom.js	angangfenshu,fangjian,gaoji,jiesan,kexuanwanfa,paymentRoomCardType,playerMinNum,playerNum,setCount,suanfenfangsi,taishusuanfa,xianShi,zhangfenshezhi,zhuahua	bf849115381bb02917e7795c9100fd050ffbbee3c4fe72d609e5f60d601bd183
58	chmj	mahjong:standard	mahjong/standard-tiles/discard-response-window/multi-winner	PROVINCE/anhui	flowers,multi-hu,special-hu,wildcard	discard-response-window,multi-winner,gang-ledger,wildcard-resolution	SOURCE_SIGNATURE_AVAILABLE	CHMJCalcPosEnd.java;CHMJRoomEnum.java;CHMJRoomSet.java;CHMJSetCard.java;CHMJSetOp.java;CCHMJCreateRoom.java;CCHMJ_CreateRoom.java;BaseCreateRoom.java;chmjChildCreateRoom.js	clubCostType,clubId,clubWinnerPayConsume,createType,fangfei,fangjian,gameIndex,gaoji,jiesan,jushu,kexuanwanfa,paymentRoomCardType,piaozi,playerMinNum,playerNum,renshu,setCount,sign,wanfa,xianShi	1d3bd78352883630062af7225b6db4c105c33198e531f7adab3e0eb7493bd074
59	hbmj	mahjong:standard	mahjong/standard-tiles/standard-round/single-winner	PROVINCE/henan	flowers	standard-round,single-winner,gang-ledger	SOURCE_SIGNATURE_AVAILABLE	HBMJCalcPosEnd.java;HBMJRoomEnum.java;HBMJRoomSet.java;HBMJSetCard.java;HBMJSetOp.java;CHBMJCreateRoom.java;CHBMJ_CreateRoom.java;BaseCreateRoom.java;hbmjChildCreateRoom.js	gaoji,kexuanwanfa,paymentRoomCardType,playerMinNum,playerNum,setCount,wanfa,xianShi	caf8d039e2d531d45a5a025b6fad9e1b55a511c0a85426d104124bbddd60da66
66	xlqmj	mahjong:standard	mahjong/flower-extended/standard-round/single-winner	PROVINCE/jiangsu	flowers,special-hu,wildcard	standard-round,single-winner,wildcard-resolution	SOURCE_SIGNATURE_AVAILABLE	XLQMJCalcPosEnd.java;XLQMJRoomEnum.java;XLQMJRoomSet.java;XLQMJSetCard.java;XLQMJSetOp.java;CXLQMJCreateRoom.java;CXLQMJ_CreateRoom.java;BaseCreateRoom.java;xlqmjChildCreateRoom.js	fangjian,gaoji,jiesan,paymentRoomCardType,playerMinNum,playerNum,setCount,xianShi	47dcb9fa1555c45e68f9551f0694a66c84b096251c526f817c74f74ab4df5a85
67	fdmj	mahjong:standard	mahjong/flower-extended/special-deal/single-winner	PROVINCE/fujian	flowers,horse-bird,special-hu,wildcard	special-deal,single-winner,horse-bird-ledger,gang-ledger,wildcard-resolution	SOURCE_SIGNATURE_AVAILABLE	FDMJCalcPosEnd.java;FDMJRoomEnum.java;FDMJRoomSet.java;FDMJSetCard.java;FDMJSetOp.java;CFDMJCreateRoom.java;CFDMJ_CreateRoom.java;BaseCreateRoom.java;fdmjChildCreateRoom.js	fangjian,gaoji,jiesan,kexuanwanfa,paymentRoomCardType,playerMinNum,playerNum,queYise,setCount,xianShi	20e8f3e33f100e90497c85c9aaf25d08b710089d829a212c980de77a9fafb4e5
70	wxmj	mahjong:standard	mahjong/standard-tiles/pre-seat-choice/single-winner	PROVINCE/jiangsu	flowers,piao-xiapao,response-choice,wildcard	pre-seat-choice,single-winner,wildcard-resolution	SOURCE_SIGNATURE_AVAILABLE	WXMJCalcPosEnd.java;WXMJRoomEnum.java;WXMJRoomSet.java;WXMJSetCard.java;WXMJSetOp.java;CWXMJCreateRoom.java;CWXMJ_CreateRoom.java;BaseCreateRoom.java;wxmjChildCreateRoom.js	fangjian,gaoji,jiesan,jiesuan,kexuanwanfa,paymentRoomCardType,piaoHua,piaohuaxuanze,playerMinNum,playerNum,qianggang,setCount,xianShi	090261b556ffa0fa9a45b9c1066f2ce464ec65c7709ea4b55f2c24a72e4249db
71	jymj	mahjong:lai-zi	mahjong/flower-extended/discard-response-window/multi-winner	PROVINCE/jiangsu	flowers,multi-hu,special-hu,wildcard	discard-response-window,multi-winner,gang-ledger,wildcard-resolution	SOURCE_SIGNATURE_AVAILABLE	JYMJCalcPosEnd.java;JYMJRoomEnum.java;JYMJRoomSet.java;JYMJSetCard.java;JYMJSetOp.java;JYMJHuUtil.java;CJYMJCreateRoom.java;CJYMJ_CreateRoom.java;BaseCreateRoom.java;jymjChildCreateRoom.js	fangjian,gaoji,jiesan,paymentRoomCardType,playerMinNum,playerNum,setCount,xianShi	f3369b785d7db206241596efc09124ed3413dc5905b054f38cd2f4ab13f846c3
73	pxzzmj	mahjong:lai-zi	mahjong/flower-extended/discard-response-window/multi-winner	PROVINCE/jiangxi	flowers,horse-bird,multi-hu,special-hu,wildcard	discard-response-window,multi-winner,horse-bird-ledger,gang-ledger,wildcard-resolution	SOURCE_SIGNATURE_AVAILABLE	PXZZMJCalcPosEnd.java;PXZZMJRoomEnum.java;PXZZMJRoomSet.java;PXZZMJSetCard.java;PXZZMJSetOp.java;CPXZZMJCreateRoom.java;CPXZZMJ_CreateRoom.java;BaseCreateRoom.java;pxzzmjChildCreateRoom.js	clubCostType,clubId,clubWinnerPayConsume,createType,fangfei,fangjian,gameIndex,gaoji,hupai,jiesan,jushu,kexuanwanfa,niaoshu,paymentRoomCardType,playerMinNum,playerNum,renshu,setCount,suanFen,suanFenNum,tuoguan,xianShi,yipaoduoxiangzhuaniao,zhuaniao	f852ec4e04908a939da41ca2c0d9e414444f46c8223caa7cbe80d87a7a529b0f
76	px258mj	mahjong:standard	mahjong/flower-extended/discard-response-window/multi-winner	PROVINCE/jiangxi	flowers,horse-bird,multi-hu,special-hu,wildcard	discard-response-window,multi-winner,horse-bird-ledger,wildcard-resolution	SOURCE_SIGNATURE_AVAILABLE	PX258MJCalcPosEnd.java;PX258MJRoomEnum.java;PX258MJRoomSet.java;PX258MJSetCard.java;PX258MJSetOp.java;CPX258MJCreateRoom.java;CPX258MJ_CreateRoom.java;BaseCreateRoom.java;px258mjChildCreateRoom.js	fangjian,fengDing,gaoji,haidihufen,jiesan,kexuanwanfa,niaofen,niaoshu,paymentRoomCardType,playerMinNum,playerNum,setCount,tuoguan,xianShi,yipaoduoxiangzhuaniao,zhuaniao	eecc5088b056eb70ad3c02de89fd4807ac5d9c36ad2bc036aa6cfaec5e852180
77	yxtdh	mahjong:lai-zi	mahjong/standard-tiles/pre-seat-choice/single-winner	PROVINCE/jiangsu	flowers,piao-xiapao,special-hu,wildcard	pre-seat-choice,single-winner,gang-ledger,wildcard-resolution	SOURCE_SIGNATURE_AVAILABLE	YXTDHCalcPosEnd.java;YXTDHRoomEnum.java;YXTDHRoomSet.java;YXTDHSetCard.java;YXTDHSetOp.java;CYXTDHCreateRoom.java;CYXTDH_CreateRoom.java;BaseCreateRoom.java;yxtdhChildCreateRoom.js	fangjian,gaoji,jiesan,kexuanwanfa,paymentRoomCardType,piaoHua,piaohuaxuanze,playerMinNum,playerNum,setCount,xianShi	791e7eef86df104fab31e3f77e8d963f1bac7c8d0d800c057b0d0a8aec7aeffb
81	aymj	mahjong:xue-zhan	mahjong/standard-tiles/multi-finish/continuing-settlement	PROVINCE/sichuan	flowers,multi-hu,piao-xiapao,special-hu,xuezhan	multi-finish,continuing-settlement,gang-ledger	SOURCE_SIGNATURE_AVAILABLE	AYMJCalcPosEnd.java;AYMJRoomEnum.java;AYMJRoomSet.java;AYMJSetCard.java;AYMJSetOp.java;CAYMJCreateRoom.java;CAYMJ_CreateRoom.java;BaseCreateRoom.java;aymjChildCreateRoom.js	fengDing,gaoji,hutype,jiesan,jiesancishu,kexuanwanfa,other,paishu,paymentRoomCardType,piao,playerMinNum,playerNum,setCount,xianShi	e7f2b7f0cece6fa2368656226f2b866ae2acc56e1479d9bf91307384ac817420
82	wnmj	mahjong:standard	mahjong/flower-extended/standard-round/single-winner	PROVINCE/jiangxi	flowers,special-hu,wildcard	standard-round,single-winner,gang-ledger,wildcard-resolution	SOURCE_SIGNATURE_AVAILABLE	WNMJCalcPosEnd.java;WNMJHuUtil.java;WNMJRoomEnum.java;WNMJRoomSet.java;WNMJSetCard.java;WNMJSetOp.java;CWNMJCreateRoom.java;CWNMJ_CreateRoom.java;BaseCreateRoom.java;wnmjChildCreateRoom.js	fangjian,fengDing,gaoji,jiesan,kexuanwanfa,paymentRoomCardType,playerMinNum,playerNum,setCount,xianShi	aec3582ea7a1746a132279ac86a4040c14d0ab63a75e34617ec0b98bf874781c
83	wnyh	mahjong:standard	mahjong/flower-extended/standard-round/single-winner	PROVINCE/jiangxi	flowers,special-hu,wildcard	standard-round,single-winner,gang-ledger,wildcard-resolution	SOURCE_SIGNATURE_AVAILABLE	WNYHCalcPosEnd.java;WNYHHuUtil.java;WNYHRoomEnum.java;WNYHRoomSet.java;WNYHSetCard.java;WNYHSetOp.java;CWNYHCreateRoom.java;CWNYH_CreateRoom.java;BaseCreateRoom.java;wnyhChildCreateRoom.js	fangjian,fengDing,gaoji,jiesan,paymentRoomCardType,playerMinNum,playerNum,setCount,wanfa,xianShi	e906e78fefc3a88cab59b29b15860b60258e1d61717a79f2f0e7f353bcaf920c
90	jsxymj	mahjong:tui-dao-hu	mahjong/flower-extended/special-deal/single-winner	PROVINCE/jiangsu	flowers,special-hu,wildcard	special-deal,single-winner,gang-ledger,wildcard-resolution	SOURCE_SIGNATURE_AVAILABLE	JSXYMJCalcPosEnd.java;JSXYMJRoomEnum.java;JSXYMJRoomSet.java;JSXYMJSetCard.java;JSXYMJSetOp.java;CJSXYMJCreateRoom.java;CJSXYMJ_CreateRoom.java;BaseCreateRoom.java;jsxymjChildCreateRoom.js	fangjian,gaoji,jiesan,kexuanwanfa,paymentRoomCardType,playerMinNum,playerNum,setCount,wanfa,xianShi	8dba79dd07effe8b87a3d2eba30ad832effa870761fe8e48a718540f8c921d13
91	pzmj	mahjong:standard	mahjong/flower-extended/standard-round/single-winner	PROVINCE/jiangsu	flowers,wildcard	standard-round,single-winner,wildcard-resolution	SOURCE_SIGNATURE_AVAILABLE	PZMJCalcPosEnd.java;PZMJRoomEnum.java;PZMJRoomSet.java;PZMJSetCard.java;PZMJSetOp.java;CPZMJCreateRoom.java;CPZMJ_CreateRoom.java;BaseCreateRoom.java;pzmjChildCreateRoom.js	fangjian,gaoji,hundi,jiesan,kexuanwanfa,paymentRoomCardType,playerMinNum,playerNum,setCount,xianShi	6dd505910f0d5364ccd64f92b788a4521c589e753da8829d869db7ef33d5d8ae
92	pxmj	mahjong:tui-dao-hu	mahjong/flower-extended/pre-seat-choice/single-winner	PROVINCE/jiangxi	flowers,piao-xiapao,response-choice,special-hu,wildcard	pre-seat-choice,single-winner,gang-ledger,wildcard-resolution	SOURCE_SIGNATURE_AVAILABLE	PXMJCalcPosEnd.java;PXMJRoomEnum.java;PXMJRoomSet.java;PXMJSetCard.java;PXMJSetOp.java;CPXMJCreateRoom.java;CPXMJ_CreateRoom.java;BaseCreateRoom.java;pxmjChildCreateRoom.js	fangjian,gaoji,jiesan,kexuanwanfa,paymentRoomCardType,playerMinNum,playerNum,setCount,xianShi	ff2da7ce3c9b1d1ae82a8a650ab5519e33fe32c916934e6c7d12c11ddf357467
93	jssnmj	mahjong:lai-zi	mahjong/flower-extended/discard-response-window/multi-winner	PROVINCE/jiangsu	flowers,multi-hu,special-hu,wildcard	discard-response-window,multi-winner,gang-ledger,wildcard-resolution	SOURCE_SIGNATURE_AVAILABLE	JSSNMJCalcPosEnd.java;JSSNMJRoomEnum.java;JSSNMJRoomSet.java;JSSNMJSetCard.java;JSSNMJSetOp.java;CJSSNMJCreateRoom.java;CJSSNMJ_CreateRoom.java;BaseCreateRoom.java;jssnmjChildCreateRoom.js	fangjian,gaoji,jiesan,kexuanwanfa,paymentRoomCardType,playerMinNum,playerNum,setCount,xianShi	8b93418bafa03080e4a0af7159aea60483622b4f0c55ffdef142e67c1f707565
94	zjgmj	mahjong:standard	mahjong/flower-extended/pre-seat-choice/single-winner	PROVINCE/jiangsu	flowers,piao-xiapao,response-choice,wildcard	pre-seat-choice,single-winner,wildcard-resolution	SOURCE_SIGNATURE_AVAILABLE	ZJGMJCalcPosEnd.java;ZJGMJRoomEnum.java;ZJGMJRoomSet.java;ZJGMJSetCard.java;CZJGMJCreateRoom.java;CZJGMJ_CreateRoom.java;BaseCreateRoom.java;zjgmjChildCreateRoom.js	difen,fangjian,gaoji,jiesan,paymentRoomCardType,piaofen,playerMinNum,playerNum,setCount,xianShi	c3637d367d0c713991e497c9b15413f3a286bd319b7ca1be31f7843353731ecf
95	ksmj	mahjong:standard	mahjong/flower-extended/pre-seat-choice/single-winner	PROVINCE/jiangsu	flowers,response-choice,special-hu,wildcard	pre-seat-choice,single-winner,gang-ledger,wildcard-resolution	SOURCE_SIGNATURE_AVAILABLE	KSMJCalcPosEnd.java;KSMJRoomEnum.java;KSMJRoomSet.java;KSMJSetCard.java;KSMJSetOp.java;CKSMJCreateRoom.java;CKSMJ_CreateRoom.java;BaseCreateRoom.java;ksmjChildCreateRoom.js	fangjian,gaoji,jiesan,kexuanwanfa,paymentRoomCardType,playerMinNum,playerNum,setCount,xianShi	72c62d6bc21bcebda820f5f3d5835060a125c84d36e6a34ffee74749f71cb7c6
96	bdyxmj	mahjong:lai-zi	mahjong/flower-extended/pre-seat-choice/single-winner	PROVINCE/hebei	flowers,piao-xiapao,response-choice,special-hu,wildcard	pre-seat-choice,single-winner,wildcard-resolution	SOURCE_SIGNATURE_AVAILABLE	BDYXMJCalcPosEnd.java;BDYXMJRoomEnum.java;BDYXMJRoomSet.java;BDYXMJSetCard.java;BDYXMJSetOp.java;CBDYXMJCreateRoom.java;CBDYXMJ_CreateRoom.java;BaseCreateRoom.java;bdyxmjChildCreateRoom.js	difen,fangjian,fengDing,gaoji,jiesuan,kexuanwanfa,paymentRoomCardType,piaofen,playerMinNum,playerNum,setCount,wanfa,xianShi	504da4dc70714b5c774036aef487c51d8174de764eb2003e16ca8e8170abb812
97	hnxymj	mahjong:standard	mahjong/flower-extended/pre-seat-choice/single-winner	PROVINCE/henan	flowers,piao-xiapao,special-hu,wildcard	pre-seat-choice,single-winner,wildcard-resolution	SOURCE_SIGNATURE_AVAILABLE	HNXYMJCalcPosEnd.java;HNXYMJRoomEnum.java;HNXYMJRoomSet.java;HNXYMJSetCard.java;HNXYMJSetOp.java;CHNXYMJCreateRoom.java;CHNXYMJ_CreateRoom.java;BaseCreateRoom.java;hnxymjChildCreateRoom.js	dazui,fangjian,fengDing,fengpai,gaoji,hufa,jiesan,kexuanwanfa,paymentRoomCardType,playerMinNum,playerNum,setCount,wanfa,xianShi	83ab7ea439c2610711f0438e2f5ad3c7ea1381b0c0fda22be0d531196a328b77
98	tcmj	mahjong:lai-zi	mahjong/flower-extended/standard-round/single-winner	PROVINCE/jiangsu	flowers,special-hu,wildcard	standard-round,single-winner,wildcard-resolution	SOURCE_SIGNATURE_AVAILABLE	TCMJCalcPosEnd.java;TCMJRoomEnum.java;TCMJRoomSet.java;TCMJSetCard.java;TCMJSetOp.java;CTCMJCreateRoom.java;CTCMJ_CreateRoom.java;BaseCreateRoom.java;tcmjChildCreateRoom.js	bangangtou,beishu,fangjian,gaoji,jiesan,kexuanwanfa,lazi,paymentRoomCardType,playerMinNum,playerNum,setCount,xianShi	0e12d0e0b5b9100eab9531d5e8ec7781577909735a55933be0ad832703d97bca
99	pbyhmj	mahjong:lai-zi	mahjong/reduced-suits/pre-seat-choice/multi-winner	PROVINCE/jiangxi	flowers,multi-hu,piao-xiapao,wildcard	pre-seat-choice,multi-winner,wildcard-resolution	SOURCE_SIGNATURE_AVAILABLE	PBYHMJCalcPosEnd.java;PBYHMJRoomEnum.java;PBYHMJRoomSet.java;PBYHMJSetCard.java;PBYHMJSetOp.java;CPBYHMJCreateRoom.java;CPBYHMJ_CreateRoom.java;BaseCreateRoom.java;pbyhmjChildCreateRoom.js	gaoji,jiesan,jiesuan,kexuanwanfa,paymentRoomCardType,playerMinNum,playerNum,setCount,wanfa,xianShi	3917cc7844fcd6a7442dca100b41ec7f61bb326847532c4450a5b724b49c3331
100	yhzmj	mahjong:lai-zi	mahjong/reduced-suits/pre-seat-choice/multi-winner	PROVINCE/jiangxi	flowers,multi-hu,piao-xiapao,wildcard	pre-seat-choice,multi-winner,gang-ledger,wildcard-resolution	SOURCE_SIGNATURE_AVAILABLE	YHZMJCalcPosEnd.java;YHZMJRoomEnum.java;YHZMJRoomSet.java;YHZMJSetCard.java;YHZMJSetOp.java;CYHZMJCreateRoom.java;CYHZMJ_CreateRoom.java;BaseCreateRoom.java;yhzmjChildCreateRoom.js	gaoji,jiesan,jiesuan,kexuanwanfa,paymentRoomCardType,playerMinNum,playerNum,setCount,wanfa,xianShi	04bdca5d91f4ae5b83122eecb329a389e658731ea92a24484098e11d8af36f30
101	pnyhmj	mahjong:standard	mahjong/reduced-suits/pre-seat-choice/multi-winner	PROVINCE/jiangxi	flowers,multi-hu,piao-xiapao,wildcard	pre-seat-choice,multi-winner,wildcard-resolution	SOURCE_SIGNATURE_AVAILABLE	PNYHMJCalcPosEnd.java;PNYHMJRoomEnum.java;PNYHMJRoomSet.java;PNYHMJSetCard.java;PNYHMJSetOp.java;CPNYHMJCreateRoom.java;CPNYHMJ_CreateRoom.java;BaseCreateRoom.java;pnyhmjChildCreateRoom.js	fengDing,gaoji,jiesan,kexuanwanfa,paymentRoomCardType,playerMinNum,playerNum,setCount,wanfa,xianShi	85f27bf0b79538c5f5727e7e73bf7bd60d3f7f35502cfc7698206c3d29fe05b4
102	sdfjmj	mahjong:lai-zi	mahjong/reduced-suits/pre-seat-choice/multi-winner	PROVINCE/jiangxi	flowers,multi-hu,piao-xiapao,wildcard	pre-seat-choice,multi-winner,wildcard-resolution	SOURCE_SIGNATURE_AVAILABLE	SDFJMJCalcPosEnd.java;SDFJMJRoomEnum.java;SDFJMJRoomSet.java;SDFJMJSetCard.java;SDFJMJSetOp.java;SMJBaseHuUtil.java;CSDFJMJCreateRoom.java;CSDFJMJ_CreateRoom.java;BaseCreateRoom.java;sdfjmjChildCreateRoom.js	gaoji,jiesan,jiesuan,kexuanwanfa,lianmai,paymentRoomCardType,playerMinNum,playerNum,setCount,wanfa,xianShi	c81d3d89c917189949f3713a4acb6f23102bd2c4c100808f96c112b626a33a00
107	zjqzmj	mahjong:lai-zi	mahjong/flower-extended/standard-round/single-winner	PROVINCE/zhejiang	flowers,special-hu,wildcard	standard-round,single-winner,wildcard-resolution	SOURCE_SIGNATURE_AVAILABLE	ZJQZMJCalcPosEnd.java;ZJQZMJRoomEnum.java;ZJQZMJRoomSet.java;ZJQZMJSetCard.java;ZJQZMJSetOp.java;CZJQZMJCreateRoom.java;CZJQZMJ_CreateRoom.java;BaseCreateRoom.java;zjqzmjChildCreateRoom.js	difen,fangjian,gaoji,jiesan,kexuanwanfa,paymentRoomCardType,playerMinNum,playerNum,setCount,wanfa,xianShi	e741fe7cbb2de9e1b47373bdd7d890b9bc7d22961cd230a34e12a7fe9f531d53
111	jxfzmj	mahjong:standard	mahjong/flower-extended/discard-response-window/multi-winner	PROVINCE/jiangxi	flowers,horse-bird,multi-hu,special-hu,wildcard	discard-response-window,multi-winner,horse-bird-ledger,gang-ledger,wildcard-resolution	SOURCE_SIGNATURE_AVAILABLE	JXFZMJCalcPosEnd.java;JXFZMJRoomEnum.java;JXFZMJRoomSet.java;JXFZMJSetCard.java;JXFZMJSetOp.java;CJXFZMJCreateRoom.java;CJXFZMJ_CreateRoom.java;BaseCreateRoom.java;jxfzmjChildCreateRoom.js	fangjian,fengDing,gaoji,hupai,jiangma,jiangmaxuanze,jiesan,kexuanwanfa,paymentRoomCardType,playerMinNum,playerNum,setCount,shaozhuang,xianShi	e8fd03d990d892e31ee56d40f3fca031300cf7829ffc89ddcd04ed335d98409f
113	hncsmj	mahjong:standard	mahjong/flower-extended/pre-seat-choice/multi-winner	PROVINCE/hunan	flowers,horse-bird,multi-hu,piao-xiapao,response-choice,special-hu,wildcard	pre-seat-choice,multi-winner,horse-bird-ledger,wildcard-resolution	SOURCE_SIGNATURE_AVAILABLE	HNCSMJCalcPosEnd.java;HNCSMJRoomEnum.java;HNCSMJRoomSet.java;HNCSMJSetCard.java;HNCSMJSetOp.java;CHNCSMJCreateRoom.java;CHNCSMJ_CreateRoom.java;BaseCreateRoom.java;hncsmjChildCreateRoom.js	dajusuanfen,fangjian,gaoji,gudingpiaofen,jiesan,kaigang,kexuanwanfa,niaoshu,paymentRoomCardType,piaofen,playerMinNum,playerNum,setCount,xianShi,xiaojuqiepai,zhuaniao	7dd057508478708282fa869d51e1db12f963aed4f98171776345fd375b6a63dd
119	xhmj	mahjong:standard	mahjong/standard-tiles/discard-response-window/multi-winner	PROVINCE/jiangsu	flowers,multi-hu,special-hu	discard-response-window,multi-winner,gang-ledger	SOURCE_SIGNATURE_AVAILABLE	XHMJCalcPosEnd.java;XHMJRoomEnum.java;XHMJRoomSet.java;XHMJSetCard.java;XHMJSetOp.java;CXHMJCreateRoom.java;CXHMJ_CreateRoom.java;BaseCreateRoom.java;xhmjChildCreateRoom.js	fangjian,gaoji,jiesan,jiesuan,kexuanwanfa,paymentRoomCardType,playerMinNum,playerNum,setCount,wanfa,xianShi	9a2dc2bc4048e008cd145717ffece28d3f7a90c9f7781c2a68277512b7c2fad3
121	xhbbmj	mahjong:standard	mahjong/flower-extended/standard-round/single-winner	PROVINCE/jiangsu	flowers,special-hu,wildcard	standard-round,single-winner,gang-ledger,wildcard-resolution	SOURCE_SIGNATURE_AVAILABLE	XHBBMJCalcPosEnd.java;XHBBMJRoomEnum.java;XHBBMJRoomSet.java;XHBBMJSetCard.java;XHBBMJSetOp.java;CXHBBMJCreateRoom.java;CXHBBMJ_CreateRoom.java;BaseCreateRoom.java;xhbbmjChildCreateRoom.js	fangjian,gaoji,jiesan,jiesuan,kexuanwanfa,paymentRoomCardType,playerMinNum,playerNum,setCount,wanfa,xianShi	64fd352c941502f60840124a5311b255d97120222b608cceb260ba3606fc6cfb
122	twmj	mahjong:standard	mahjong/reduced-suits/standard-round/single-winner	PROVINCE/taiwan	flowers,special-hu	standard-round,single-winner	SOURCE_SIGNATURE_AVAILABLE	TWMJCalcPosEnd.java;TWMJRoomEnum.java;TWMJRoomSet.java;TWMJSetCard.java;TWMJSetOp.java;CTWMJCreateRoom.java;CTWMJ_CreateRoom.java;BaseCreateRoom.java;twmjChildCreateRoom.js	di,fangjian,gaoji,huapai,jiesan,kaimenxu,kexuanwanfa,paymentRoomCardType,playerMinNum,playerNum,setCount,tai,wanfa,xianShi	346513c8720a0dc89fba06296ea641143d2c78451ec529a4ded7f07408453f20
123	tzkzmj	mahjong:standard	mahjong/flower-extended/standard-round/single-winner	PROVINCE/jiangsu	flowers,special-hu,wildcard	standard-round,single-winner,gang-ledger,wildcard-resolution	SOURCE_SIGNATURE_AVAILABLE	TZKZMJCalcPosEnd.java;TZKZMJRoomEnum.java;TZKZMJRoomSet.java;TZKZMJSetCard.java;TZKZMJSetOp.java;CTZKZMJCreateRoom.java;CTZKZMJ_CreateRoom.java;BaseCreateRoom.java;tzkzmjChildCreateRoom.js	fangjian,fengDing,gaoji,jiesan,jiesuan,kexuanwanfa,paymentRoomCardType,playerMinNum,playerNum,setCount,wanfa,xianShi	3db1aecfd57123ce3ef96fa76c907e596d11228e0e2f74a6c44a4f75d5e09257
124	dczbmj	mahjong:lai-zi	mahjong/flower-extended/pre-seat-choice/single-winner	PROVINCE/jiangxi	flowers,piao-xiapao,special-hu,wildcard	pre-seat-choice,single-winner,wildcard-resolution	SOURCE_SIGNATURE_AVAILABLE	DCZBMJCalcPosEnd.java;DCZBMJRoomEnum.java;DCZBMJRoomSet.java;DCZBMJSetCard.java;DCZBMJSetOp.java;CDCZBMJCreateRoom.java;CDCZBMJ_CreateRoom.java;BaseCreateRoom.java;dczbmjChildCreateRoom.js	fangjian,gaoji,jiesan,kexuanwanfa,paymentRoomCardType,playerMinNum,playerNum,setCount,wanfa,xianShi	784b5c074dbe491a48009861bd2b2dbe383c2c6fe2091e35323a49c4f08f0bd5
125	dcwdmj	mahjong:lai-zi	mahjong/flower-extended/pre-seat-choice/single-winner	PROVINCE/jiangxi	flowers,horse-bird,piao-xiapao,response-choice,special-hu,wildcard	pre-seat-choice,single-winner,horse-bird-ledger,wildcard-resolution	SOURCE_SIGNATURE_AVAILABLE	DCWDMJCalcPosEnd.java;DCWDMJRoomEnum.java;DCWDMJRoomSet.java;DCWDMJSetCard.java;DCWDMJSetOp.java;CDCWDMJCreateRoom.java;CDCWDMJ_CreateRoom.java;BaseCreateRoom.java;dcwdmjChildCreateRoom.js	fangjian,gaoji,jiesan,kexuanwanfa,paymentRoomCardType,playerMinNum,playerNum,setCount,wanfa,xianShi	8ae04a31e147b163f6ab5b0484106b7e8897b77738bd62967ff36c3e51ef2acc
126	hnzzmj	mahjong:standard	mahjong/flower-extended/pre-seat-choice/single-winner	PROVINCE/henan	flowers,piao-xiapao,response-choice,special-hu,wildcard	pre-seat-choice,single-winner,gang-ledger,wildcard-resolution	SOURCE_SIGNATURE_AVAILABLE	HNZZMJCalcPosEnd.java;HNZZMJRoomEnum.java;HNZZMJRoomSet.java;HNZZMJSetCard.java;HNZZMJSetOp.java;CHNZZMJCreateRoom.java;CHNZZMJ_CreateRoom.java;BaseCreateRoom.java;hnzzmjChildCreateRoom.js	fangjian,gaoji,gudingpao,hufa,jiesan,kexuanwanfa,pao,paymentRoomCardType,playerMinNum,playerNum,setCount,xianShi	c7a062cfdbb9afa2886b3928c237073dfdc9714323c76ab88fcd1ce0bd6a8569
127	za13mj	mahjong:standard	mahjong/flower-extended/standard-round/single-winner	PROVINCE/fujian	flowers,special-hu,wildcard	standard-round,single-winner,gang-ledger,wildcard-resolution	SOURCE_SIGNATURE_AVAILABLE	ZA13MJCalcPosEnd.java;ZA13MJRoomEnum.java;ZA13MJRoomSet.java;ZA13MJSetCard.java;ZA13MJSetOp.java;CZA13MJCreateRoom.java;CZA13MJ_CreateRoom.java;BaseCreateRoom.java;za13mjChildCreateRoom.js	difen,fangjian,gaoji,jiesan,kexuanwanfa,mashu,paymentRoomCardType,playerMinNum,playerNum,setCount,xianShi	e316134caa5bdb7c7091a26ed48ee3e200173b95da286634b145442f632406cc
128	za16mj	mahjong:standard	mahjong/flower-extended/pre-seat-choice/single-winner	PROVINCE/fujian	flowers,piao-xiapao,response-choice,special-hu,wildcard	pre-seat-choice,single-winner,gang-ledger,wildcard-resolution	SOURCE_SIGNATURE_AVAILABLE	ZA16MJCalcPosEnd.java;ZA16MJRoomEnum.java;ZA16MJRoomSet.java;ZA16MJSetCard.java;ZA16MJSetOp.java;CZA16MJCreateRoom.java;CZA16MJ_CreateRoom.java;BaseCreateRoom.java;za16mjChildCreateRoom.js	chatai,chipai,fangjian,gaoji,jiesan,kexuanwanfa,paymentRoomCardType,playerMinNum,playerNum,setCount,xianShi	e4bf693bbe739b74c68928a998e65522a7dbfc418af61dbd9b3feb66b0cbb042
133	tbzfbmj	mahjong:standard	mahjong/flower-extended/discard-response-window/multi-winner	PROVINCE/henan	flowers,multi-hu,special-hu,wildcard	discard-response-window,multi-winner,wildcard-resolution	SOURCE_SIGNATURE_AVAILABLE	TBZFBMJCalcPosEnd.java;TBZFBMJRoomEnum.java;TBZFBMJRoomSet.java;TBZFBMJSetCard.java;TBZFBMJSetOp.java;CTBZFBMJCreateRoom.java;CTBZFBMJ_CreateRoom.java;BaseCreateRoom.java	""	76c45a8cec0a13ce6c31af04bb459f4ec896f74474dbb21c4404274deed4b0c3
134	nykwxmj	mahjong:standard	mahjong/flower-extended/pre-seat-choice/multi-winner	PROVINCE/henan	flowers,horse-bird,multi-hu,piao-xiapao,wildcard	pre-seat-choice,multi-winner,horse-bird-ledger,wildcard-resolution	SOURCE_SIGNATURE_AVAILABLE	NYKWXMJCalcPosEnd.java;NYKWXMJRoomEnum.java;NYKWXMJRoomSet.java;NYKWXMJSetCard.java;NYKWXMJSetOp.java;NYKWXMJHuUtil.java;CNYKWXMJCreateRoom.java;CNYKWXMJ_CreateRoom.java;BaseCreateRoom.java;nykwxmjChildCreateRoom.js	difen,fangjian,fengDing,gaoji,jiesan,kexuanwanfa,paymentRoomCardType,playerMinNum,playerNum,setCount,xianShi	921cf4710734e2c7900cb6270722457254f12e569e547ce07a66bbef9c5cdbf1
135	lzmj	mahjong:lai-zi	mahjong/flower-extended/discard-response-window/multi-winner	PROVINCE/guangxi	flowers,multi-hu,special-hu,wildcard	discard-response-window,multi-winner,gang-ledger,wildcard-resolution	SOURCE_SIGNATURE_AVAILABLE	LZMJCalcPosEnd.java;LZMJRoomEnum.java;LZMJRoomSet.java;LZMJSetCard.java;LZMJSetOp.java;CLZMJCreateRoom.java;CLZMJ_CreateRoom.java;BaseCreateRoom.java;lzmjChildCreateRoom.js	diaoyu,difen,fangjian,gaoji,jiesan,kexuanwanfa,paymentRoomCardType,playerMinNum,playerNum,setCount,xianShi,yushu,zimofengding	354aa0e45db5aaf26974600faf511ce34215e293d9943d360e10e90d41f14068
137	lbmj	mahjong:standard	mahjong/standard-tiles/pre-seat-choice/multi-winner	PROVINCE/guangxi	flowers,multi-hu,piao-xiapao,response-choice,special-hu,wildcard	pre-seat-choice,multi-winner,gang-ledger,wildcard-resolution	SOURCE_SIGNATURE_AVAILABLE	LBMJCalcPosEnd.java;LBMJRoomEnum.java;LBMJRoomSet.java;LBMJSetCard.java;LBMJSetOp.java;CLBMJCreateRoom.java;CLBMJ_CreateRoom.java;BaseCreateRoom.java;lbmjChildCreateRoom.js	diaoyu,difen,fangjian,fengyupai,gaoji,jiesan,kexuanwanfa,paymentRoomCardType,playerMinNum,playerNum,setCount,xianShi,yushu	95daff1fdae52ea042c2ea251bc6e1cb61d14c9d85de4f27f153ebfbfe41c111
139	fjyxmj	mahjong:standard	mahjong/flower-extended/pre-seat-choice/multi-winner	PROVINCE/fujian	flowers,multi-hu,piao-xiapao,response-choice,special-hu,wildcard	pre-seat-choice,multi-winner,wildcard-resolution	SOURCE_SIGNATURE_AVAILABLE	FJYXMJCalcPosEnd.java;FJYXMJRoomEnum.java;FJYXMJRoomSet.java;FJYXMJSetCard.java;FJYXMJSetOp.java;CFJYXMJCreateRoom.java;CFJYXMJ_CreateRoom.java;BaseCreateRoom.java;fjyxmjChildCreateRoom.js	fangjian,gaoji,jiesan,kexuanwanfa,paymentRoomCardType,playerMinNum,playerNum,setCount,xianShi	32c719520c421600ac182dc1f1361092b298587b3daba486bfb4ce48acd25ff7
142	sdlymj	mahjong:standard	mahjong/flower-extended/pre-seat-choice/single-winner	PROVINCE/shandong	flowers,piao-xiapao,response-choice,special-hu,wildcard	pre-seat-choice,single-winner,gang-ledger,wildcard-resolution	SOURCE_SIGNATURE_AVAILABLE	SDLYMJCalcPosEnd.java;SDLYMJRoomEnum.java;SDLYMJRoomSet.java;SDLYMJSetCard.java;SDLYMJSetOp.java;CSDLYMJCreateRoom.java;CSDLYMJ_CreateRoom.java;BaseCreateRoom.java;sdlymjChildCreateRoom.js	fangjian,gaoji,jiesan,paymentRoomCardType,piaoHua,playerMinNum,playerNum,setCount,xianShi	fb393d4157139fae631b48fa8510ece52e0f80ac79768a59ba246e73c7b04a18
143	zass	mahjong:standard	mahjong/standard-tiles/pre-seat-choice/single-winner	PROVINCE/fujian	flowers,response-choice	pre-seat-choice,single-winner	SOURCE_SIGNATURE_AVAILABLE	ZASSCalcPosEnd.java;ZASSRoomEnum.java;ZASSRoomSet.java;ZASSSetCard.java;ZASSSetOp.java;ZASSHuUtil.java;CZASSCreateRoom.java;CZASS_CreateRoom.java;BaseCreateRoom.java;zassChildCreateRoom.js	fangjian,gaoji,jiesan,kexuanwanfa,paymentRoomCardType,playerMinNum,playerNum,setCount,xianShi	ed156610aee058a76d2afdd9d18cd7bf2511805bf548e6df8b40b29a05656c38
144	czmj	mahjong:standard	mahjong/flower-extended/standard-round/single-winner	PROVINCE/hubei	flowers,special-hu,wildcard	standard-round,single-winner,wildcard-resolution	SOURCE_SIGNATURE_AVAILABLE	CZMJCalcPosEnd.java;CZMJRoomEnum.java;CZMJRoomSet.java;CZMJSetCard.java;CZMJSetOp.java;CCZMJCreateRoom.java;CCZMJ_CreateRoom.java;BaseCreateRoom.java;czmjChildCreateRoom.js	dianpao,fangjian,gaoji,jiesan,kexuanwanfa,paymentRoomCardType,playerMinNum,playerNum,setCount,xianShi	aa01d193ac6f859eff2c4cfd30635a52c559112469b42d142be4a243ff918a01
145	rcmj	mahjong:standard	mahjong/flower-extended/pre-seat-choice/multi-winner	PROVINCE/jiangxi	flowers,horse-bird,multi-hu,piao-xiapao,special-hu	pre-seat-choice,multi-winner,horse-bird-ledger,gang-ledger	SOURCE_SIGNATURE_AVAILABLE	RCMJCalcPosEnd.java;RCMJRoomEnum.java;RCMJRoomSet.java;RCMJSetCard.java;RCMJSetOp.java;CRCMJCreateRoom.java;CRCMJ_CreateRoom.java;BaseCreateRoom.java;rcmjChildCreateRoom.js	dipao,fangjian,gaoji,jiesan,kexuanwanfa,niaoshu,paymentRoomCardType,piaoHua,playerMinNum,playerNum,setCount,xianShi,yipaoduoxiangzhuaniao	9cbdcb41fb67f9a15e99ebf35f1f62355176d00ee7a90786ed1bf3c3e6092374
146	xgkwxmj	mahjong:standard	mahjong/flower-extended/pre-seat-choice/multi-winner	PROVINCE/hubei	flowers,horse-bird,multi-hu,response-choice,special-hu,wildcard	pre-seat-choice,multi-winner,horse-bird-ledger,gang-ledger,wildcard-resolution	SOURCE_SIGNATURE_AVAILABLE	XGKWXMJCalcPosEnd.java;XGKWXMJRoomEnum.java;XGKWXMJRoomSet.java;XGKWXMJSetCard.java;XGKWXMJSetOp.java;XGKWXMJHuUtil.java;CXGKWXMJCreateRoom.java;CXGKWXMJ_CreateRoom.java;BaseCreateRoom.java;xgkwxmjChildCreateRoom.js	baohu,chuzi,difen,fangjian,fengDing,gaoji,jiapiao,jiesan,kexuanwanfa,liangpai,maima,paymentRoomCardType,playerMinNum,playerNum,setCount,shukan,xianShi	3e6ae9c1cee72898a860f2248b49819df13c55d3dd3649b6177fd6434b2289ec
147	hnxcmj	mahjong:standard	mahjong/standard-tiles/pre-seat-choice/single-winner	PROVINCE/henan	flowers,piao-xiapao,response-choice,special-hu,wildcard	pre-seat-choice,single-winner,gang-ledger,wildcard-resolution	SOURCE_SIGNATURE_AVAILABLE	HNXCMJCalcPosEnd.java;HNXCMJRoomEnum.java;HNXCMJRoomSet.java;HNXCMJSetCard.java;HNXCMJSetOp.java;CHNXCMJCreateRoom.java;CHNXCMJ_CreateRoom.java;BaseCreateRoom.java;hnxcmjChildCreateRoom.js	fangjian,gaoji,jiesan,kexuanwanfa,paymentRoomCardType,playerMinNum,playerNum,setCount,wanfa,xianShi,xiapao	d30cbe1f876a05e0eca614a7090973549aff195d33e5b8a1032ed85b9f8f0bc2
148	hnpdsmj	mahjong:lai-zi	mahjong/reduced-suits/pre-seat-choice/single-winner	PROVINCE/henan	flowers,horse-bird,piao-xiapao,special-hu,wildcard	pre-seat-choice,single-winner,horse-bird-ledger,gang-ledger,wildcard-resolution	SOURCE_SIGNATURE_AVAILABLE	HNPDSMJCalcPosEnd.java;HNPDSMJRoomEnum.java;HNPDSMJRoomSet.java;HNPDSMJSetCard.java;HNPDSMJSetOp.java;CHNPDSMJCreateRoom.java;CHNPDSMJ_CreateRoom.java;BaseCreateRoom.java;hnpdsmjChildCreateRoom.js	baoting,fangjian,gaoji,hufa,jiesan,kexuanwanfa,paymentRoomCardType,playerMinNum,playerNum,setCount,xianShi,xiapao,xuanpao,xuanpaogeshu	c10ae388eaf5dbf5a745727b21a9801eb0b220d8eff81936869753ac7354443b
149	rqmj	mahjong:standard	mahjong/reduced-suits/standard-round/single-winner	PROVINCE/hubei	flowers,special-hu	standard-round,single-winner,gang-ledger	SOURCE_SIGNATURE_AVAILABLE	RQMJCalcPosEnd.java;RQMJRoomEnum.java;RQMJRoomSet.java;RQMJSetCard.java;RQMJSetOp.java;CRQMJCreateRoom.java;CRQMJ_CreateRoom.java;BaseCreateRoom.java;rqmjChildCreateRoom.js	fangjian,gaoji,jiesan,kexuanwanfa,paymentRoomCardType,playerMinNum,playerNum,setCount,xianShi,xianmeng	73e0e761a80094c9a86cc80cf8cab6e948c84f6b8e63bf31d2e0ecd464355fae
151	xplp	mahjong:standard	mahjong/flower-extended/pre-seat-choice/single-winner	PROVINCE/hunan	flowers,piao-xiapao,special-hu	pre-seat-choice,single-winner	SOURCE_SIGNATURE_AVAILABLE	XPLPCalcPosEnd.java;XPLPRoomEnum.java;XPLPRoomSet.java;XPLPSetCard.java;XPLPSetOp.java;CXPLPCreateRoom.java;CXPLP_CreateRoom.java;BaseCreateRoom.java;xplpChildCreateRoom.js	choupai,dajusuanfen,difen,fangjian,gaoji,jiesan,kexuanwanfa,lianmai,paymentRoomCardType,piaoHua,playerMinNum,playerNum,setCount,xianShi,xiaojuqiepai	fcce06f7d00fcdedf8478e9a5f5bc7a989295a420f5bdaad15cceaf69dc92eb4
152	hhhgw	mahjong:standard	mahjong/standard-tiles/standard-round/single-winner	PROVINCE/hunan	flowers	standard-round,single-winner	SOURCE_SIGNATURE_AVAILABLE	HHHGWCalcPosEnd.java;HHHGWRoomEnum.java;HHHGWRoomSet.java;HHHGWSetCard.java;HHHGWSetOp.java;HHHGWHuUtil.java;CHHHGWCreateRoom.java;CHHHGW_CreateRoom.java;BaseCreateRoom.java;hhhgwChildCreateRoom.js	choupai,dajusuanfen,fangjian,gaoji,jiesan,kexuanwanfa,moshi,paymentRoomCardType,playerMinNum,playerNum,setCount,xianShi,xiaojuqiepai	cefecf969e36df2bd40e10e37dc8763d0047e9d08ac5676fe0026123a0d831fa
154	hzwmj	mahjong:lai-zi	mahjong/flower-extended/standard-round/single-winner	PROVINCE/hunan	flowers,special-hu,wildcard	standard-round,single-winner,gang-ledger,wildcard-resolution	SOURCE_SIGNATURE_AVAILABLE	HZWMJCalcPosEnd.java;HZWMJRoomEnum.java;HZWMJRoomSet.java;HZWMJSetCard.java;HZWMJSetOp.java;CHZWMJCreateRoom.java;CHZWMJ_CreateRoom.java;BaseCreateRoom.java;hzwmjChildCreateRoom.js	dajusuanfen,fanbei,fangjian,gaoji,jiesan,kexuanwanfa,lianmai,niaoshu,paymentRoomCardType,playerMinNum,playerNum,setCount,xianShi,xiaojuqiepai,zhongniao,zhuaniaomoshi	90db1db5544894424f4cab28ad5b563e012b0327948ded5ff26c6b0fa7dd07d5
156	jdzmj	mahjong:standard	mahjong/flower-extended/pre-seat-choice/multi-winner	PROVINCE/jiangxi	flowers,horse-bird,multi-hu,piao-xiapao,special-hu,wildcard	pre-seat-choice,multi-winner,horse-bird-ledger,gang-ledger,wildcard-resolution	SOURCE_SIGNATURE_AVAILABLE	JDZMJCalcPosEnd.java;JDZMJRoomEnum.java;JDZMJRoomSet.java;JDZMJSetCard.java;JDZMJSetOp.java;CJDZMJCreateRoom.java;CJDZMJ_CreateRoom.java;BaseCreateRoom.java;jdzmjChildCreateRoom.js	fangjian,gaoji,jiesan,kexuanwanfa,paymentRoomCardType,playerMinNum,playerNum,setCount,wanfa,xianShi	058d0c39bf4a825bc716a0daef538a6fbe381ed49f9826b4fad1e41728f369bb
157	htmj	mahjong:standard	mahjong/reduced-suits/standard-round/single-winner	PROVINCE/hunan	flowers,horse-bird,special-hu,wildcard	standard-round,single-winner,horse-bird-ledger,gang-ledger,wildcard-resolution	SOURCE_SIGNATURE_AVAILABLE	HTMJCalcPosEnd.java;HTMJRoomEnum.java;HTMJRoomSet.java;HTMJSetCard.java;HTMJSetOp.java;CHTMJCreateRoom.java;CHTMJ_CreateRoom.java;BaseCreateRoom.java;htmjChildCreateRoom.js	dajusuanfen,fangjian,gaoji,jiama,jiesan,kexuanwanfa,paymentRoomCardType,playerMinNum,playerNum,setCount,xianShi,xiaojuqiepai,zhongniao,zhuaniao	7caa7936aa4aa1a339befe9e21913c6233f8a7d5b3d1ac3aa57988e7cf79c53e
159	lbhzmj	mahjong:standard	mahjong/flower-extended/discard-response-window/multi-winner	PROVINCE/guangxi	flowers,horse-bird,multi-hu,wildcard	discard-response-window,multi-winner,horse-bird-ledger,wildcard-resolution	SOURCE_SIGNATURE_AVAILABLE	LBHZMJCalcPosEnd.java;LBHZMJRoomEnum.java;LBHZMJRoomSet.java;LBHZMJSetCard.java;LBHZMJSetOp.java;CLBHZMJCreateRoom.java;CLBHZMJ_CreateRoom.java;BaseCreateRoom.java;lbhzmjChildCreateRoom.js	fangjian,gaoji,jiesan,kexuanwanfa,paymentRoomCardType,playerMinNum,playerNum,setCount,wanfa,xianShi,yipaoduoxiangzhuaniao,zhuaMas	2a43d36032618128455f8f5addbcec76129e9218cd2a8d23f93938d3abf49c76
160	thgjmj	mahjong:lai-zi	mahjong/standard-tiles/standard-round/single-winner	PROVINCE/jiangxi	flowers,special-hu,wildcard	standard-round,single-winner,gang-ledger,wildcard-resolution	SOURCE_SIGNATURE_AVAILABLE	THGJMJCalcPosEnd.java;THGJMJRoomEnum.java;THGJMJRoomSet.java;THGJMJSetCard.java;THGJMJSetOp.java;CTHGJMJCreateRoom.java;CTHGJMJ_CreateRoom.java;BaseCreateRoom.java;thgjmjChildCreateRoom.js	chaozhuang,fangjian,fengDing,gangjingwanfa,gaoji,jiesan,kexuanwanfa,paymentRoomCardType,piaojing,piaojingcaozuo,playerMinNum,playerNum,setCount,xianShi	e8feb8f45968e8b02ffd4cb1aa97f5168cb49d6d2f8cc2524b73a5f9c4713f73
161	hnjymj	mahjong:standard	mahjong/standard-tiles/pre-seat-choice/single-winner	PROVINCE/henan	flowers,piao-xiapao,response-choice,special-hu,wildcard	pre-seat-choice,single-winner,gang-ledger,wildcard-resolution	SOURCE_SIGNATURE_AVAILABLE	HNJYMJCalcPosEnd.java;HNJYMJRoomEnum.java;HNJYMJRoomSet.java;HNJYMJSetCard.java;HNJYMJSetOp.java;CHNJYMJCreateRoom.java;CHNJYMJ_CreateRoom.java;BaseCreateRoom.java;hnjymjChildCreateRoom.js	fangjian,gaoji,hufa,jiesan,kexuanwanfa,paymentRoomCardType,playerMinNum,playerNum,setCount,wanfa,xianShi,xuanpao	30406e128654288214432748b892dabc7164b4d2832a9d3e37e393d42aa43687
163	jsycmj	mahjong:standard	mahjong/flower-extended/discard-response-window/multi-winner	PROVINCE/jiangsu	flowers,multi-hu,special-hu,wildcard	discard-response-window,multi-winner,gang-ledger,wildcard-resolution	SOURCE_SIGNATURE_AVAILABLE	JSYCMJCalcPosEnd.java;JSYCMJRoomEnum.java;JSYCMJRoomSet.java;JSYCMJSetCard.java;JSYCMJSetOp.java;JSYCMJHuUtil.java;CJSYCMJCreateRoom.java;CJSYCMJ_CreateRoom.java;BaseCreateRoom.java;jsycmjChildCreateRoom.js	fangjian,gaoji,jiesan,kexuanwanfa,paymentRoomCardType,playerMinNum,playerNum,setCount,wanfa,xianShi	b9319c30f5ab511a2e0b11f63cea76f70bccc5d70e0c1f35697ec13bf13759bf
164	jssqmj	mahjong:standard	mahjong/standard-tiles/pre-seat-choice/single-winner	PROVINCE/jiangsu	flowers,response-choice,special-hu,wildcard	pre-seat-choice,single-winner,gang-ledger,wildcard-resolution	SOURCE_SIGNATURE_AVAILABLE	JSSQMJCalcPosEnd.java;JSSQMJRoomEnum.java;JSSQMJRoomSet.java;JSSQMJSetCard.java;JSSQMJSetOp.java;CJSSQMJCreateRoom.java;CJSSQMJ_CreateRoom.java;BaseCreateRoom.java;jssqmjChildCreateRoom.js	fangjian,gaoji,jiesan,kexuanwanfa,paymentRoomCardType,playerMinNum,playerNum,setCount,wanfa,xianShi	b4293493591cc105601efcd3bbc1d94676387593d3f3e6ace3610b01c0520608
165	jshamj	mahjong:standard	mahjong/flower-extended/discard-response-window/multi-winner	PROVINCE/jiangsu	flowers,multi-hu,wildcard	discard-response-window,multi-winner,wildcard-resolution	SOURCE_SIGNATURE_AVAILABLE	JSHAMJCalcPosEnd.java;JSHAMJRoomEnum.java;JSHAMJRoomSet.java;JSHAMJSetCard.java;JSHAMJSetOp.java;CJSHAMJCreateRoom.java;CJSHAMJ_CreateRoom.java;BaseCreateRoom.java;jshamjChildCreateRoom.js	fangjian,gaoji,jiesan,kexuanwanfa,lazhuang,paymentRoomCardType,playerMinNum,playerNum,setCount,xianShi	9cdf48ff6bb7668b52989c71807175ac1343134781aaf9d05968f1a8539e50ed
166	jsczmj	mahjong:lai-zi	mahjong/flower-extended/discard-response-window/multi-winner	PROVINCE/jiangsu	flowers,multi-hu,special-hu,wildcard	discard-response-window,multi-winner,gang-ledger,wildcard-resolution	SOURCE_SIGNATURE_AVAILABLE	JSCZMJCalcPosEnd.java;JSCZMJRoomEnum.java;JSCZMJRoomSet.java;JSCZMJSetCard.java;JSCZMJSetOp.java;JSCZMJHuUtil.java;CJSCZMJCreateRoom.java;CJSCZMJ_CreateRoom.java;BaseCreateRoom.java;jsczmjChildCreateRoom.js	baopai,dayuan,dishu,fangjian,fengDing,gaoji,jiesan,kexuanwanfa,paymentRoomCardType,playerMinNum,playerNum,qihu,setCount,xianShi	e31f437a404f69ff9c9795786905d429957f7ece419abace26d01e4b0d7dad41
167	lygmj	mahjong:standard	mahjong/standard-tiles/pre-seat-choice/single-winner	PROVINCE/jiangsu	flowers,response-choice,wildcard	pre-seat-choice,single-winner,gang-ledger,wildcard-resolution	SOURCE_SIGNATURE_AVAILABLE	LYGMJCalcPosEnd.java;LYGMJRoomEnum.java;LYGMJRoomSet.java;LYGMJSetCard.java;LYGMJSetOp.java;CLYGMJCreateRoom.java;CLYGMJ_CreateRoom.java;BaseCreateRoom.java;lygmjChildCreateRoom.js	fangjian,gaoji,jiesan,kexuanwanfa,paixingfanshu,paymentRoomCardType,playerMinNum,playerNum,setCount,xianShi	2b32762eb4f742b3c469693c7c6adc02500411dc9b6a82aab45f926d63a662bc
168	jsgymj	mahjong:lai-zi	mahjong/flower-extended/discard-response-window/multi-winner	PROVINCE/jiangsu	flowers,multi-hu,special-hu,wildcard	discard-response-window,multi-winner,gang-ledger,wildcard-resolution	SOURCE_SIGNATURE_AVAILABLE	JSGYMJCalcPosEnd.java;JSGYMJRoomEnum.java;JSGYMJRoomSet.java;JSGYMJSetCard.java;JSGYMJSetOp.java;JSGYMJHuUtil.java;CJSGYMJCreateRoom.java;CJSGYMJ_CreateRoom.java;BaseCreateRoom.java;jsgymjChildCreateRoom.js	fangjian,gaoji,jiesan,paymentRoomCardType,playerMinNum,playerNum,setCount,xianShi	681efde1b68f8c81e5145798f953b481deb23ba4448b2634f8f3ffd0b36831ec
169	hnjzmj	mahjong:standard	mahjong/standard-tiles/pre-seat-choice/multi-winner	PROVINCE/hunan	flowers,horse-bird,multi-hu,piao-xiapao,special-hu,wildcard	pre-seat-choice,multi-winner,horse-bird-ledger,wildcard-resolution	SOURCE_SIGNATURE_AVAILABLE	HNJZMJCalcPosEnd.java;HNJZMJRoomEnum.java;HNJZMJRoomSet.java;HNJZMJSetCard.java;HNJZMJSetOp.java;CHNJZMJCreateRoom.java;CHNJZMJ_CreateRoom.java;BaseCreateRoom.java;hnjzmjChildCreateRoom.js	dajusuanfen,fanbei,fangjian,gaoji,jiesan,kexuanwanfa,niaoshu,paymentRoomCardType,playerMinNum,playerNum,setCount,xianShi,xiaojuqiepai,zhongniao,zhuaniaomoshi	9b59865cb61c0ef2b3d0b2d6587003792c5d11e6c5a8e3a853542ba04810e589
171	xzmj	mahjong:lai-zi	mahjong/standard-tiles/pre-seat-choice/multi-winner	PROVINCE/jiangsu	flowers,multi-hu,piao-xiapao,special-hu,wildcard	pre-seat-choice,multi-winner,gang-ledger,wildcard-resolution	SOURCE_SIGNATURE_AVAILABLE	XZMJCalcPosEnd.java;XZMJRoomEnum.java;XZMJRoomSet.java;XZMJSetCard.java;XZMJSetOp.java;CXZMJCreateRoom.java;CXZMJ_CreateRoom.java;BaseCreateRoom.java;xzmjChildCreateRoom.js	fanbei,fangjian,gaoji,jiesan,kexuanwanfa,paymentRoomCardType,playerMinNum,playerNum,setCount,xianShi,xiazui	215afb5786410fa97ca1b1d9c126cf9f735de6fb2c3256a6d9c12d3e06adcab5
172	gymj	mahjong:tui-dao-hu	mahjong/flower-extended/discard-response-window/multi-winner	PROVINCE/jiangsu	flowers,multi-hu,wildcard	discard-response-window,multi-winner,wildcard-resolution	SOURCE_SIGNATURE_AVAILABLE	GYMJCalcPosEnd.java;GYMJRoomEnum.java;GYMJRoomSet.java;GYMJSetCard.java;GYMJSetOp.java;CGYMJCreateRoom.java;CGYMJ_CreateRoom.java;BaseCreateRoom.java;gymjChildCreateRoom.js	difen,fangjian,gaoji,huashu,jiesan,kexuanwanfa,paymentRoomCardType,playerMinNum,playerNum,setCount,wanfa,xianShi	2c75cbed462eddfa162985d07d1c9e74cda8dc7eb0611401ab2299ffd53b54ae
173	kfmj	mahjong:standard	mahjong/standard-tiles/pre-seat-choice/single-winner	PROVINCE/henan	flowers,piao-xiapao,response-choice,special-hu,wildcard	pre-seat-choice,single-winner,gang-ledger,wildcard-resolution	SOURCE_SIGNATURE_AVAILABLE	KFMJCalcPosEnd.java;KFMJRoomEnum.java;KFMJRoomSet.java;KFMJSetCard.java;KFMJSetOp.java;CKFMJCreateRoom.java;CKFMJ_CreateRoom.java;BaseCreateRoom.java;kfmjChildCreateRoom.js	fangjian,gaoji,hufa,jiabei,jiafen,jiesan,kexuanwanfa,paymentRoomCardType,playerMinNum,playerNum,setCount,xianShi,xiapao	a0240a9551ddd7f0a1275854bcc5d066c8ac53b2d5044f2359792087ff4869c0
174	pymj	mahjong:standard	mahjong/standard-tiles/pre-seat-choice/single-winner	PROVINCE/henan	flowers,piao-xiapao,response-choice,special-hu,wildcard	pre-seat-choice,single-winner,gang-ledger,wildcard-resolution	SOURCE_SIGNATURE_AVAILABLE	PYMJCalcPosEnd.java;PYMJRoomEnum.java;PYMJRoomSet.java;PYMJSetCard.java;PYMJSetOp.java;CPYMJCreateRoom.java;CPYMJ_CreateRoom.java;BaseCreateRoom.java;pymjChildCreateRoom.js	baoting,daipu,fangjian,gaoji,jiesan,kexuanwanfa,liangjian,paymentRoomCardType,playerMinNum,playerNum,quemen,setCount,wanfa,xianShi	b1277ba7c3f78c41d2156fcd36cee59fdfc45fcc65f9643245b6d2d95fa339e4
175	ahmj	mahjong:standard	mahjong/reduced-suits/special-deal/single-winner	PROVINCE/hunan	flowers,horse-bird,special-hu,wildcard	special-deal,single-winner,horse-bird-ledger,gang-ledger,wildcard-resolution	SOURCE_SIGNATURE_AVAILABLE	AHMJCalcPosEnd.java;AHMJRoomEnum.java;AHMJRoomSet.java;AHMJSetCard.java;AHMJSetOp.java;CAHMJCreateRoom.java;CAHMJ_CreateRoom.java;BaseCreateRoom.java;ahmjChildCreateRoom.js	dajusuanfen,daniao,fangjian,gangpai,gaoji,jiesan,kexuanwanfa,niaoshu,paymentRoomCardType,playerMinNum,playerNum,setCount,wangshu,xianShi,xiaojuqiepai,zhuaniaomoshi	9b83ee893bfbcf111da3d2a96350bda1f90ca61de77648152c000ec4458b6da6
177	xxmj	mahjong:tui-dao-hu	mahjong/standard-tiles/pre-seat-choice/multi-winner	PROVINCE/henan	flowers,multi-hu,piao-xiapao,response-choice,special-hu,wildcard	pre-seat-choice,multi-winner,gang-ledger,wildcard-resolution	SOURCE_SIGNATURE_AVAILABLE	XXMJCalcPosEnd.java;XXMJRoomEnum.java;XXMJRoomSet.java;XXMJSetCard.java;XXMJSetOp.java;CXXMJCreateRoom.java;CXXMJ_CreateRoom.java;BaseCreateRoom.java;xxmjChildCreateRoom.js	fangjian,gaoji,hupai,jiesan,kexuanwanfa,paymentRoomCardType,playerMinNum,playerNum,setCount,wanfa,xianShi,xiapao	82f7aa5498d842a0bf7a0b53d25e6ed4fc3f195c2c3e4afda623c102c7034bf0
178	hnaymj	mahjong:lai-zi	mahjong/flower-extended/pre-seat-choice/multi-winner	PROVINCE/henan	flowers,horse-bird,multi-hu,piao-xiapao,special-hu,wildcard	pre-seat-choice,multi-winner,horse-bird-ledger,gang-ledger,wildcard-resolution	SOURCE_SIGNATURE_AVAILABLE	HNAYMJCalcPosEnd.java;HNAYMJRoomEnum.java;HNAYMJRoomSet.java;HNAYMJSetCard.java;HNAYMJSetOp.java;CHNAYMJCreateRoom.java;CHNAYMJ_CreateRoom.java;BaseCreateRoom.java;hnaymjChildCreateRoom.js	fangjian,gaoji,jiesan,kexuanwanfa,paymentRoomCardType,playerMinNum,playerNum,setCount,wanfa,xianShi,zhuama	94aefe02e9080eb7d6e5886661edcb451b6664409c181ab5eddfb321cae5ab4b
179	gamj	mahjong:standard	mahjong/standard-tiles/pre-seat-choice/multi-winner	PROVINCE/jiangxi	flowers,multi-hu,piao-xiapao,special-hu,wildcard	pre-seat-choice,multi-winner,wildcard-resolution	SOURCE_SIGNATURE_AVAILABLE	GAMJCalcPosEnd.java;GAMJRoomEnum.java;GAMJRoomSet.java;GAMJSetCard.java;GAMJSetOp.java;CGAMJCreateRoom.java;CGAMJ_CreateRoom.java;BaseCreateRoom.java;gamjChildCreateRoom.js	fangjian,fangjianxianshi,fengding,gaoji,jiesan,kexuanwanfa,paymentRoomCardType,penggang,playerMinNum,playerNum,setCount,xianShi,yipaoduoxiang,zhigang	92a93734edf08f4a187760dc0857fce36e40ca5c481cac615c3610e55cd1d8f5
180	ncmj	mahjong:lai-zi	mahjong/standard-tiles/pre-seat-choice/single-winner	PROVINCE/jiangxi	flowers,response-choice,special-hu,wildcard	pre-seat-choice,single-winner,gang-ledger,wildcard-resolution	SOURCE_SIGNATURE_AVAILABLE	NCMJCalcPosEnd.java;NCMJRoomEnum.java;NCMJRoomSet.java;NCMJSetCard.java;NCMJSetOp.java;CNCMJCreateRoom.java;CNCMJ_CreateRoom.java;BaseCreateRoom.java;ncmjChildCreateRoom.js	chaozhuang,dianpao,fangjian,fangjianxianshi,gaoji,guize,jiesan,kexuanwanfa,paymentRoomCardType,playerMinNum,playerNum,setCount,xianShi	875bd0cd7552a9d7e8ce8f9ed38cf912e3b93fd71328503633037f145e4ba75b
181	sqmj	mahjong:lai-zi	mahjong/reduced-suits/pre-seat-choice/multi-winner	PROVINCE/henan	flowers,multi-hu,piao-xiapao,special-hu,wildcard	pre-seat-choice,multi-winner,gang-ledger,wildcard-resolution	SOURCE_SIGNATURE_AVAILABLE	SQMJCalcPosEnd.java;SQMJRoomEnum.java;SQMJRoomSet.java;SQMJSetCard.java;SQMJSetOp.java;SQMJHuUtil.java;CSQMJCreateRoom.java;CSQMJ_CreateRoom.java;BaseCreateRoom.java;sqmjChildCreateRoom.js	angang,fangjian,gaoji,guize,jiesan,paymentRoomCardType,playerMinNum,playerNum,setCount,wanfa,xianShi	c5f83a715cd09d34e6ea8437e39d08950c4326ea896e7d50956bcb1f92a04925
182	zkmj	mahjong:standard	mahjong/standard-tiles/pre-seat-choice/single-winner	PROVINCE/henan	flowers,piao-xiapao,response-choice,special-hu,wildcard	pre-seat-choice,single-winner,gang-ledger,wildcard-resolution	SOURCE_SIGNATURE_AVAILABLE	ZKMJCalcPosEnd.java;ZKMJRoomEnum.java;ZKMJRoomSet.java;ZKMJSetCard.java;ZKMJSetOp.java;CZKMJCreateRoom.java;CZKMJ_CreateRoom.java;BaseCreateRoom.java;zkmjChildCreateRoom.js	fangjian,fengpai,gaoji,hunpai,hupai,jiesan,kexuanwanfa,paymentRoomCardType,playerMinNum,playerNum,setCount,wanfa,xianShi,xiapao,xuanpao,xuanpaofangshi	2e4a0b6869807b7de5813e1fdc6d982ab017be458610ed214265b09510a8e7ff
183	jxxymj	mahjong:standard	mahjong/standard-tiles/discard-response-window/multi-winner	PROVINCE/jiangxi	flowers,multi-hu,special-hu	discard-response-window,multi-winner,gang-ledger	SOURCE_SIGNATURE_AVAILABLE	JXXYMJCalcPosEnd.java;JXXYMJRoomEnum.java;JXXYMJRoomSet.java;JXXYMJSetCard.java;JXXYMJSetOp.java;CJXXYMJCreateRoom.java;CJXXYMJ_CreateRoom.java;BaseCreateRoom.java;jxxymjChildCreateRoom.js	fangjian,fengding,gaoji,jiesan,kexuanwanfa,paymentRoomCardType,playerMinNum,playerNum,setCount,xianShi	a4257c943d247c60fb4e7f0393ecb663e0a5b99904d0e4d56be3f01db6a5a925
184	tgmj	mahjong:tui-dao-hu	mahjong/standard-tiles/pre-seat-choice/multi-winner	PROVINCE/jiangxi	flowers,horse-bird,multi-hu,piao-xiapao,response-choice,special-hu,wildcard	pre-seat-choice,multi-winner,horse-bird-ledger,gang-ledger,wildcard-resolution	SOURCE_SIGNATURE_AVAILABLE	TGMJCalcPosEnd.java;TGMJRoomEnum.java;TGMJRoomSet.java;TGMJSetCard.java;TGMJSetOp.java;CTGMJCreateRoom.java;CTGMJ_CreateRoom.java;BaseCreateRoom.java;tgmjChildCreateRoom.js	fangjian,gaoji,jiesan,kexuanwanfa,maima,paymentRoomCardType,playerMinNum,playerNum,setCount,shuanggu,xianShi	5bb53333320bda5a5ab6e2ec4bcda3b7d16e676b02a6b7afbd2044ae4838af8e
185	hnhbmj	mahjong:lai-zi	mahjong/reduced-suits/pre-seat-choice/multi-winner	PROVINCE/henan	flowers,horse-bird,multi-hu,piao-xiapao,special-hu,wildcard	pre-seat-choice,multi-winner,horse-bird-ledger,gang-ledger,wildcard-resolution	SOURCE_SIGNATURE_AVAILABLE	HNHBMJCalcPosEnd.java;HNHBMJRoomEnum.java;HNHBMJRoomSet.java;HNHBMJSetCard.java;HNHBMJSetOp.java;CHNHBMJCreateRoom.java;CHNHBMJ_CreateRoom.java;BaseCreateRoom.java;hnhbmjChildCreateRoom.js	angang,fangjian,gaoji,hudifen,jiesan,kexuanwanfa,paymentRoomCardType,playerMinNum,playerNum,setCount,wanfa,xianShi,xiapao,zhigang,zhuaniao	ff0e19220cf1456fc38e92c794dae5feb22b1d8af0768db8bface937bb9765a7
186	lhmj	mahjong:standard	mahjong/standard-tiles/pre-seat-choice/single-winner	PROVINCE/henan	flowers,piao-xiapao,response-choice,special-hu	pre-seat-choice,single-winner,gang-ledger	SOURCE_SIGNATURE_AVAILABLE	LHMJCalcPosEnd.java;LHMJRoomEnum.java;LHMJRoomSet.java;LHMJSetCard.java;LHMJSetOp.java;CLHMJCreateRoom.java;CLHMJ_CreateRoom.java;BaseCreateRoom.java;lhmjChildCreateRoom.js	fangjian,feng,gaoji,guize,jiesan,kexuanwanfa,moshi,paymentRoomCardType,playerMinNum,playerNum,setCount,xianShi,xiapao	d20c4beefcc7d484c6b3659d438ea9285e3f857baad2fbe50bbfa6354b818b8f
187	jamj	mahjong:lai-zi	mahjong/flower-extended/discard-response-window/multi-winner	PROVINCE/jiangxi	flowers,multi-hu,special-hu,wildcard	discard-response-window,multi-winner,gang-ledger,wildcard-resolution	SOURCE_SIGNATURE_AVAILABLE	JAMJCalcPosEnd.java;JAMJRoomEnum.java;JAMJRoomSet.java;JAMJSetCard.java;JAMJSetOp.java;CJAMJCreateRoom.java;CJAMJ_CreateRoom.java;BaseCreateRoom.java;jamjChildCreateRoom.js	fangjian,fengding,gaoji,jiesan,kexuanwanfa,paymentRoomCardType,piaojing,playerMinNum,playerNum,setCount,wanfa,xianShi	dfb528184e12f4b7cf47cec72604a81b6f8fbde1c6e16cbe101e2d720cd00de0
188	jjmj	mahjong:standard	mahjong/flower-extended/pre-seat-choice/multi-winner	PROVINCE/jiangxi	flowers,multi-hu,piao-xiapao,response-choice,wildcard	pre-seat-choice,multi-winner,wildcard-resolution	SOURCE_SIGNATURE_AVAILABLE	JJMJCalcPosEnd.java;JJMJRoomEnum.java;JJMJRoomSet.java;JJMJSetCard.java;JJMJSetOp.java;CJJMJCreateRoom.java;CJJMJ_CreateRoom.java;BaseCreateRoom.java;jjmjChildCreateRoom.js	dimayou,dipao,fangjian,gaoji,jiesan,kexuanwanfa,paymentRoomCardType,playerMinNum,playerNum,qupai,setCount,xianShi	ad570c3cf6cf023c1179387c29c65f9fb683b3f60c90699534f238eaee675f3e
189	bzmj	mahjong:standard	mahjong/standard-tiles/pre-seat-choice/multi-winner	PROVINCE/anhui	flowers,multi-hu,piao-xiapao,response-choice,special-hu	pre-seat-choice,multi-winner,gang-ledger	SOURCE_SIGNATURE_AVAILABLE	BZMJCalcPosEnd.java;BZMJRoomEnum.java;BZMJRoomSet.java;BZMJSetCard.java;BZMJSetOp.java;CBZMJCreateRoom.java;CBZMJ_CreateRoom.java;BaseCreateRoom.java;bzmjChildCreateRoom.js	fangjian,gaoji,jiesan,kexuanwanfa,paymentRoomCardType,playerMinNum,playerNum,setCount,xianShi,zhangzhuang	7e5dd8b96cdfc249062c19270285571e94483f29f74b120c2c90882a98b6ecd8
190	ccmj	mahjong:standard	mahjong/standard-tiles/pre-seat-choice/single-winner	PROVINCE/jilin	flowers,response-choice,special-hu,wildcard	pre-seat-choice,single-winner,gang-ledger,wildcard-resolution	SOURCE_SIGNATURE_AVAILABLE	CCMJCalcPosEnd.java;CCMJRoomEnum.java;CCMJRoomSet.java;CCMJSetCard.java;CCMJSetOp.java;CCCMJCreateRoom.java;CCCMJ_CreateRoom.java;BaseCreateRoom.java;ccmjChildCreateRoom.js	fangjian,gaoji,jiesan,kexuanwanfa,paymentRoomCardType,playerMinNum,playerNum,setCount,xianShi	6b53fdc99aff7eb3e1edff30165e44309088a346ca5a0d8a52b21cea798fd678
193	jlmj	mahjong:standard	mahjong/standard-tiles/pre-seat-choice/single-winner	PROVINCE/jilin	flowers,response-choice,special-hu,wildcard	pre-seat-choice,single-winner,gang-ledger,wildcard-resolution	SOURCE_SIGNATURE_AVAILABLE	JLMJCalcPosEnd.java;JLMJRoomEnum.java;JLMJRoomSet.java;JLMJSetCard.java;JLMJSetOp.java;CJLMJCreateRoom.java;CJLMJ_CreateRoom.java;BaseCreateRoom.java;jlmjChildCreateRoom.js	fangjian,fengDing,gaoji,jiesan,kexuanwanfa,paymentRoomCardType,playerMinNum,playerNum,setCount,wanfa,xianShi	8e828cef7ab99a55e3c0bce2b081fc7a74af427f156c86d2cb57ba3523fd4668
194	fymj	mahjong:standard	mahjong/standard-tiles/pre-seat-choice/single-winner	PROVINCE/shanxi	flowers,response-choice,special-hu	pre-seat-choice,single-winner,gang-ledger	SOURCE_SIGNATURE_AVAILABLE	FYMJCalcPosEnd.java;FYMJRoomEnum.java;FYMJRoomSet.java;FYMJSetCard.java;FYMJSetOp.java;CFYMJCreateRoom.java;CFYMJ_CreateRoom.java;BaseCreateRoom.java;fymjChildCreateRoom.js	fangjian,gaoji,jiesan,paymentRoomCardType,playerMinNum,playerNum,quemenkexuan,setCount,shimomokexuan,wanfa,xianShi	8a0d99e9a7f1f6bdb872ab95a7a1dd48cea3e91f5c8fac90025bec443be9134f
195	bzqzmj	mahjong:standard	mahjong/standard-tiles/pre-seat-choice/multi-winner	PROVINCE/anhui	flowers,multi-hu,piao-xiapao,response-choice,special-hu	pre-seat-choice,multi-winner,gang-ledger	SOURCE_SIGNATURE_AVAILABLE	BZQZMJCalcPosEnd.java;BZQZMJRoomEnum.java;BZQZMJRoomSet.java;BZQZMJSetCard.java;BZQZMJSetOp.java;CBZQZMJCreateRoom.java;CBZQZMJ_CreateRoom.java;BaseCreateRoom.java;bzqzmjChildCreateRoom.js	fangjian,gaoji,jiesan,kexuanwanfa,paymentRoomCardType,playerMinNum,playerNum,setCount,xianShi,zhangzhuang	c98e6fa549446d9a1f340056abeba627da083dbaf8a5778803b25f400e64a0d8
196	hstdhmj	mahjong:tui-dao-hu	mahjong/reduced-suits/pre-seat-choice/multi-winner	PROVINCE/hubei	flowers,multi-hu,response-choice,special-hu,wildcard	pre-seat-choice,multi-winner,gang-ledger,wildcard-resolution	SOURCE_SIGNATURE_AVAILABLE	HSTDHMJCalcPosEnd.java;HSTDHMJRoomEnum.java;HSTDHMJRoomSet.java;HSTDHMJSetCard.java;HSTDHMJSetOp.java;CHSTDHMJCreateRoom.java;CHSTDHMJ_CreateRoom.java;BaseCreateRoom.java;hstdhmjChildCreateRoom.js	fangjian,gaoji,huType,jiesan,kexuanwanfa,paymentRoomCardType,piaoHua,piaohuaxuanze,playerMinNum,playerNum,setCount,xianShi	b07f1592a6fbe238c16f49e8279fb52fbfbf3950baeb2fae11d1aefe7b8a4105
197	zjhzmj	mahjong:standard	mahjong/standard-tiles/pre-seat-choice/single-winner	PROVINCE/zhejiang	flowers,response-choice,special-hu	pre-seat-choice,single-winner,gang-ledger	SOURCE_SIGNATURE_AVAILABLE	ZJHZMJCalcPosEnd.java;ZJHZMJRoomEnum.java;ZJHZMJRoomSet.java;ZJHZMJSetCard.java;ZJHZMJSetOp.java;ZJHZMJHuUtil.java;CZJHZMJCreateRoom.java;CZJHZMJ_CreateRoom.java;BaseCreateRoom.java;zjhzmjChildCreateRoom.js	caishen,chengbao,duocaijiafan,fangjian,fengding,gaoji,jiesan,kexuanwanfa,laoshu,paymentRoomCardType,playerMinNum,playerNum,setCount,xianShi	65b0e3327d04d85b09cf9b67627770230928763166629f3e311f9792cd146667
198	fyddzmj	mahjong:standard	mahjong/standard-tiles/pre-seat-choice/multi-winner	PROVINCE/shanxi	flowers,multi-hu,piao-xiapao,special-hu,wildcard	pre-seat-choice,multi-winner,gang-ledger,wildcard-resolution	SOURCE_SIGNATURE_AVAILABLE	FYDDZMJCalcPosEnd.java;FYDDZMJRoomEnum.java;FYDDZMJRoomSet.java;FYDDZMJSetCard.java;FYDDZMJSetOp.java;CFYDDZMJCreateRoom.java;CFYDDZMJ_CreateRoom.java;BaseCreateRoom.java;fyddzmjChildCreateRoom.js	fangjian,gaoji,haozi,jiesan,kexuanwanfa,paohu,paymentRoomCardType,playerMinNum,playerNum,setCount,xianShi,zhuangjiazidai	daa22e7378de78d26b9afbdc2a86002461eee2013b3e7e841b6e57de08a57469
199	pcmj	mahjong:lai-zi	mahjong/standard-tiles/discard-response-window/multi-winner	PROVINCE/fujian	flowers,horse-bird,multi-hu,special-hu,wildcard	discard-response-window,multi-winner,horse-bird-ledger,wildcard-resolution	SOURCE_SIGNATURE_AVAILABLE	PCMJCalcPosEnd.java;PCMJRoomEnum.java;PCMJRoomSet.java;PCMJSetCard.java;PCMJSetOp.java;CPCMJCreateRoom.java;CPCMJ_CreateRoom.java;BaseCreateRoom.java;pcmjChildCreateRoom.js	fangjian,gaoji,hongzhonglaizi,hupai,jiesan,kexuanwanfa,paymentRoomCardType,playerMinNum,playerNum,setCount,xianShi,zhuangfeiniao	2362ace3ea5cb076834cae23637e80a8f9aa9fb47550f22e1c378eb8d7e2b54a
200	xjlshmj	mahjong:xue-liu	mahjong/standard-tiles/pre-seat-choice/multi-winner	PROVINCE/xinjiang	flowers,multi-hu,response-choice,special-hu	pre-seat-choice,multi-winner	SOURCE_SIGNATURE_AVAILABLE	XJLSHMJCalcPosEnd.java;XJLSHMJRoomEnum.java;XJLSHMJRoomSet.java;XJLSHMJSetCard.java;XJLSHMJSetOp.java;CXJLSHMJCreateRoom.java;CXJLSHMJ_CreateRoom.java;BaseCreateRoom.java;xjlshmjChildCreateRoom.js	fangjian,gaoji,jiesan,kexuanwanfa,paymentRoomCardType,playerMinNum,playerNum,setCount,xianShi	691d43301c9afad324b1441283f741ef838491bbea80b3a9bae06449bf0542ea
201	demomj	mahjong:xue-zhan	mahjong/flower-extended/standard-round/single-winner	NATIONAL	flowers,wildcard	standard-round,single-winner,gang-ledger,wildcard-resolution	SOURCE_SIGNATURE_AVAILABLE	DEMOMJCalcPosEnd.java;DEMOMJRoomSet.java;DEMOMJSetCard.java;DEMOMJSetOp.java;DEMOMJ_XueZhanCalcPosEnd.java;DEMOMJ_XueLiuCalcPosEnd.java;CDEMOMJCreateRoom.java;CDEMOMJ_CreateRoom.java;BaseCreateRoom.java;demomjChildCreateRoom.js	fangjian,gaoji,jiesan,paymentRoomCardType,playerMinNum,playerNum,setCount,tuoguan,xianShi	ee156390f3d7f2b5bd25099fbd00699f9cb90b83e2d4c3433faf3c86d69ba2df
202	njmj	mahjong:standard	mahjong/flower-extended/discard-response-window/multi-winner	PROVINCE/jiangsu	flowers,multi-hu,special-hu,wildcard	discard-response-window,multi-winner,wildcard-resolution	SOURCE_SIGNATURE_AVAILABLE	NJMJCalcPosEnd.java;NJMJRoomEnum.java;NJMJRoomSet.java;NJMJSetCard.java;NJMJSetOp.java;CNJMJCreateRoom.java;CNJMJ_CreateRoom.java;BaseCreateRoom.java;njmjChildCreateRoom.js	changkaitou,fangjian,gaoji,jiesan,jinyuanzi,kexuanwanfa,paymentRoomCardType,playerMinNum,playerNum,setCount,wanfa,xianShi	e26c0fe8ea94562e3289f3dd369306e35f46d46c96e001d6848afc86f63e0b75
203	xjxzmj	mahjong:xue-liu	mahjong/standard-tiles/pre-seat-choice/single-winner	PROVINCE/xinjiang	flowers,response-choice,special-hu,wildcard	pre-seat-choice,single-winner,gang-ledger,wildcard-resolution	SOURCE_SIGNATURE_AVAILABLE	XJXZMJCalcPosEnd.java;XJXZMJRoomEnum.java;XJXZMJRoomSet.java;XJXZMJSetCard.java;XJXZMJSetOp.java;CXJXZMJCreateRoom.java;CXJXZMJ_CreateRoom.java;BaseCreateRoom.java;xjxzmjChildCreateRoom.js	difen,fangjian,fengding,gaoji,huangpai,jiesan,kexuanwanfa,paymentRoomCardType,playerMinNum,playerNum,setCount,xianShi	e9ee3d4082aa4b667dce89fb90abf604f86398e39411f45a5c47cbe0c3acd494
204	ysmj	mahjong:standard	mahjong/reduced-suits/pre-seat-choice/multi-winner	PROVINCE/anhui	flowers,multi-hu,response-choice,special-hu,wildcard	pre-seat-choice,multi-winner,gang-ledger,wildcard-resolution	SOURCE_SIGNATURE_AVAILABLE	YSMJCalcPosEnd.java;YSMJRoomEnum.java;YSMJRoomSet.java;YSMJSetCard.java;YSMJSetOp.java;CYSMJCreateRoom.java;CYSMJ_CreateRoom.java;BaseCreateRoom.java;ysmjChildCreateRoom.js	fangjian,fengpai,gaoji,jiesan,kexuanwanfa,paymentRoomCardType,penghougang,playerMinNum,playerNum,setCount,xianShi,xiazhu,yipaoduoxiang	b219e63e52cf7e125331fd76b2cafd3a8bef00c32e4dae00bf834abefb87ae91
205	zzph	mahjong:standard	mahjong/standard-tiles/standard-round/single-winner	PROVINCE/hunan	flowers,special-hu	standard-round,single-winner	SOURCE_SIGNATURE_AVAILABLE	ZZPHCalcPosEnd.java;ZZPHRoomEnum.java;ZZPHRoomSet.java;ZZPHSetCard.java;ZZPHSetOp.java;ZZPHHuUtil.java;CZZPHCreateRoom.java;CZZPH_CreateRoom.java;BaseCreateRoom.java;zzphChildCreateRoom.js	choupai,dajusuanfen,fangjian,gaoji,jiesan,kexuanwanfa,paymentRoomCardType,playerMinNum,playerNum,setCount,wanfa,wudui,xianShi,xiaojuqiepai	6021a29e3fb0ca478c94dd2dbbe86c22900dd7dffe09a6c4ec4197a98d8853c6
208	lxmj	mahjong:standard	mahjong/standard-tiles/pre-seat-choice/multi-winner	PROVINCE/gansu	flowers,multi-hu,response-choice	pre-seat-choice,multi-winner	SOURCE_SIGNATURE_AVAILABLE	LXMJCalcPosEnd.java;LXMJRoomEnum.java;LXMJRoomSet.java;LXMJSetCard.java;LXMJSetOp.java;CLXMJCreateRoom.java;CLXMJ_CreateRoom.java;BaseCreateRoom.java;lxmjChildCreateRoom.js	difen,fangjian,gaoji,jiesan,paymentRoomCardType,playerMinNum,playerNum,setCount,wanfa,xianShi	8586f586a288acf05891623ca8b75c045f3b3718d6bf8fffa9d67e8511f811a4
209	yzyzmj	mahjong:standard	mahjong/standard-tiles/discard-response-window/multi-winner	PROVINCE/jiangsu	flowers,multi-hu,wildcard	discard-response-window,multi-winner,wildcard-resolution	SOURCE_SIGNATURE_AVAILABLE	YZYZMJCalcPosEnd.java;YZYZMJRoomEnum.java;YZYZMJRoomSet.java;YZYZMJSetCard.java;YZYZMJSetOp.java;CYZYZMJCreateRoom.java;CYZYZMJ_CreateRoom.java;BaseCreateRoom.java;yzyzmjChildCreateRoom.js	fangjian,gaoji,huangzhuang,jiesan,moshi,paymentRoomCardType,playerMinNum,playerNum,setCount,wanfa,xianShi,yipaoduoxiang	56586e1cb1d2ce59a55474568289560924f6e8078deb58a09fb96bb360c7b258
212	gdmj	mahjong:standard	mahjong/standard-tiles/pre-seat-choice/single-winner	PROVINCE/guangdong	flowers,horse-bird,piao-xiapao,response-choice,special-hu,wildcard	pre-seat-choice,single-winner,horse-bird-ledger,gang-ledger,wildcard-resolution	SOURCE_SIGNATURE_AVAILABLE	GDMJCalcPosEnd.java;GDMJRoomEnum.java;GDMJRoomSet.java;GDMJSetCard.java;GDMJSetOp.java;CGDMJCreateRoom.java;CGDMJ_CreateRoom.java;BaseCreateRoom.java;gdmjChildCreateRoom.js	fangjian,fengding,gaoji,jiesan,kexuanwanfa,lunzhuang,mafen,mapai,mashu,paymentRoomCardType,playerMinNum,playerNum,setCount,xianShi	6c57f839f4b7060281d8dedb87c62cc42bdc67255602ff93a9e1d1e7224a06e4
213	cxmj	mahjong:standard	mahjong/standard-tiles/standard-round/single-winner	PROVINCE/hunan	flowers,wildcard	standard-round,single-winner,gang-ledger,wildcard-resolution	SOURCE_SIGNATURE_AVAILABLE	CXMJCalcPosEnd.java;CXMJRoomEnum.java;CXMJRoomSet.java;CXMJSetCard.java;CXMJSetOp.java;CCXMJCreateRoom.java;CCXMJ_CreateRoom.java;BaseCreateRoom.java;cxmjChildCreateRoom.js	dajusuanfen,fangjian,gaoji,jiesan,kexuanwanfa,paymentRoomCardType,playerMinNum,playerNum,setCount,xianShi,xiaojuqiepai	122dcc6fdd4706c903d432a2a96e308677feed605aa4b52db7f96c02f8335895
215	zgmj	mahjong:standard	mahjong/flower-extended/pre-seat-choice/multi-winner	PROVINCE/zichuan	flowers,multi-hu,piao-xiapao,special-hu	pre-seat-choice,multi-winner,gang-ledger	SOURCE_SIGNATURE_AVAILABLE	ZGMJCalcPosEnd.java;ZGMJRoomEnum.java;ZGMJRoomSet.java;ZGMJSetCard.java;ZGMJSetOp.java;CZGMJCreateRoom.java;CZGMJ_CreateRoom.java;BaseCreateRoom.java;zgmjChildCreateRoom.js	dianganghua,fangjian,fengding,gaoji,jiesan,kexuanwanfa,luobo,paymentRoomCardType,piao,playerMinNum,playerNum,setCount,xianShi,zimojiangli	46c2be1cfb1996b742869d75a0331b9afcfe36a4f942a07930cc04f382f8e6f2
216	jcmj	mahjong:lai-zi	mahjong/reduced-suits/pre-seat-choice/multi-winner	PROVINCE/gansu	flowers,multi-hu,piao-xiapao,response-choice,special-hu,wildcard	pre-seat-choice,multi-winner,gang-ledger,wildcard-resolution	SOURCE_SIGNATURE_AVAILABLE	JCMJCalcPosEnd.java;JCMJRoomEnum.java;JCMJRoomSet.java;JCMJSetCard.java;JCMJSetOp.java;CJCMJCreateRoom.java;CJCMJ_CreateRoom.java;BaseCreateRoom.java;jcmjChildCreateRoom.js	fangjian,gaoji,jiesan,kexuanwanfa,paymentRoomCardType,playerMinNum,playerNum,setCount,xianShi	51d0d1d3d41e296a29f2dde382d13d027f1ed98bd569275977a2f6647446e9ee
217	lslwzmj	mahjong:lai-zi	mahjong/flower-extended/pre-seat-choice/single-winner	PROVINCE/henan	flowers,piao-xiapao,special-hu,wildcard	pre-seat-choice,single-winner,gang-ledger,wildcard-resolution	SOURCE_SIGNATURE_AVAILABLE	LSLWZMJCalcPosEnd.java;LSLWZMJRoomEnum.java;LSLWZMJRoomSet.java;LSLWZMJSetCard.java;LSLWZMJSetOp.java;CLSLWZMJCreateRoom.java;CLSLWZMJ_CreateRoom.java;BaseCreateRoom.java;lslwzmjChildCreateRoom.js	fangjian,gaoji,hupai,jiesan,kexuanwanfa,paymentRoomCardType,playerMinNum,playerNum,setCount,shuaizhang,xianShi,xiapao	0a3738ec08a7259bac6f8f06e9f07610e1ec8469df3fbf80a0e09046ac72bc45
218	ls13579	mahjong:standard	mahjong/reduced-suits/pre-seat-choice/multi-winner	PROVINCE/henan	flowers,multi-hu,response-choice	pre-seat-choice,multi-winner	SOURCE_SIGNATURE_AVAILABLE	LS13579CalcPosEnd.java;LS13579RoomEnum.java;LS13579RoomSet.java;LS13579SetCard.java;LS13579SetOp.java;CLS13579CreateRoom.java;CLS13579_CreateRoom.java;BaseCreateRoom.java;ls13579ChildCreateRoom.js	dianpao,fangjian,fengpai,gaoji,jiesan,kexuanwanfa,paymentRoomCardType,playerMinNum,playerNum,setCount,shangting,wanfa,xianShi	f8dbced2f72f2b7d2825b442e5a172a21c0be98d86fb52b430360ec42c6d0aec
219	lskjjmj	mahjong:standard	mahjong/standard-tiles/standard-round/single-winner	PROVINCE/henan	flowers,wildcard	standard-round,single-winner,gang-ledger,wildcard-resolution	SOURCE_SIGNATURE_AVAILABLE	LSKJJMJCalcPosEnd.java;LSKJJMJRoomEnum.java;LSKJJMJRoomSet.java;LSKJJMJSetCard.java;LSKJJMJSetOp.java;CLSKJJMJCreateRoom.java;CLSKJJMJ_CreateRoom.java;BaseCreateRoom.java;lskjjmjChildCreateRoom.js	fangjian,gaoji,hupai,jiesan,paymentRoomCardType,playerMinNum,playerNum,setCount,xianShi,xiapao	d5c94d7297fa0629e41caf0c9398f5a590fccf8f46922976ba29945f90156dd3
220	zjshzmj	mahjong:standard	mahjong/standard-tiles/pre-seat-choice/single-winner	PROVINCE/zhejiang	flowers,response-choice,special-hu,wildcard	pre-seat-choice,single-winner,wildcard-resolution	SOURCE_SIGNATURE_AVAILABLE	ZJSHZMJCalcPosEnd.java;ZJSHZMJRoomEnum.java;ZJSHZMJRoomSet.java;ZJSHZMJSetCard.java;ZJSHZMJSetOp.java;CZJSHZMJCreateRoom.java;CZJSHZMJ_CreateRoom.java;BaseCreateRoom.java;zjshzmjChildCreateRoom.js	fangjian,gaoji,jiesan,kexuanwanfa,paymentRoomCardType,playerMinNum,playerNum,setCount,xianShi	8a16011aced0b7ad169f0c2f98d58e250223b9d394a3ef6f17d391164040981d
221	nxkwmj	mahjong:lai-zi	mahjong/standard-tiles/pre-seat-choice/single-winner	PROVINCE/hunan	flowers,horse-bird,piao-xiapao,response-choice,wildcard	pre-seat-choice,single-winner,horse-bird-ledger,gang-ledger,wildcard-resolution	SOURCE_SIGNATURE_AVAILABLE	NXKWMJCalcPosEnd.java;NXKWMJRoomEnum.java;NXKWMJRoomSet.java;NXKWMJSetCard.java;NXKWMJSetOp.java;CNXKWMJCreateRoom.java;CNXKWMJ_CreateRoom.java;BaseCreateRoom.java;nxkwmjChildCreateRoom.js	dahu,fangjian,gang,gaoji,jiesan,kexuanwanfa,niaofen,niaoshu,paymentRoomCardType,playerMinNum,playerNum,setCount,wanfa,xianShi,zhuaniao,zuoya	c3d3f8e6d314dcf80d9d8605aa4867912d49274810c81527394eccaef4254bb9
222	hbtdhmj	mahjong:tui-dao-hu	mahjong/flower-extended/discard-response-window/multi-winner	PROVINCE/hebei	flowers,multi-hu,special-hu,wildcard	discard-response-window,multi-winner,gang-ledger,wildcard-resolution	SOURCE_SIGNATURE_AVAILABLE	HBTDHMJCalcPosEnd.java;HBTDHMJRoomEnum.java;HBTDHMJRoomSet.java;HBTDHMJSetCard.java;HBTDHMJSetOp.java;CHBTDHMJCreateRoom.java;CHBTDHMJ_CreateRoom.java;BaseCreateRoom.java;hbtdhmjChildCreateRoom.js	fangjian,gaoji,hupai,jiesan,kexuanwanfa,paymentRoomCardType,playerMinNum,playerNum,setCount,xianShi	2a57fe5ae80bbeee9444fbd1ab1cb61a5d0456bb239ca8f0bbbfb868252bae84
223	hbhbmj	mahjong:standard	mahjong/reduced-suits/discard-response-window/multi-winner	PROVINCE/hebei	flowers,multi-hu,special-hu,wildcard	discard-response-window,multi-winner,wildcard-resolution	SOURCE_SIGNATURE_AVAILABLE	HBHBMJCalcPosEnd.java;HBHBMJRoomEnum.java;HBHBMJRoomSet.java;HBHBMJSetCard.java;HBHBMJSetOp.java;CHBHBMJCreateRoom.java;CHBHBMJ_CreateRoom.java;BaseCreateRoom.java;hbhbmjChildCreateRoom.js	fangjian,gaoji,jiafen,jiesan,kexuanwanfa,paymentRoomCardType,playerMinNum,playerNum,setCount,xianShi	a07c0dd3cdcb536355b00c0bfbe419a5888efb0010c9da83038dbe001571a0da
224	gsjmj	mahjong:tui-dao-hu	mahjong/flower-extended/discard-response-window/multi-winner	PROVINCE/hebei	flowers,multi-hu,special-hu,wildcard	discard-response-window,multi-winner,gang-ledger,wildcard-resolution	SOURCE_SIGNATURE_AVAILABLE	GSJMJCalcPosEnd.java;GSJMJRoomEnum.java;GSJMJRoomSet.java;GSJMJSetCard.java;GSJMJSetOp.java;CGSJMJCreateRoom.java;CGSJMJ_CreateRoom.java;BaseCreateRoom.java;gsjmjChildCreateRoom.js	fangjian,gaoji,jiesan,kexuanwanfa,paymentRoomCardType,playerMinNum,playerNum,setCount,xianShi	c7da11c48d69a0f56ee1e100ef416060b52f69148afe808d369ceded2dfc0c3c
225	njlhmj	mahjong:standard	mahjong/standard-tiles/pre-seat-choice/single-winner	PROVINCE/jiangsu	flowers,response-choice,special-hu,wildcard	pre-seat-choice,single-winner,gang-ledger,wildcard-resolution	SOURCE_SIGNATURE_AVAILABLE	NJLHMJCalcPosEnd.java;NJLHMJRoomEnum.java;NJLHMJRoomSet.java;NJLHMJSetCard.java;NJLHMJSetOp.java;CNJLHMJCreateRoom.java;CNJLHMJ_CreateRoom.java;BaseCreateRoom.java;njlhmjChildCreateRoom.js	danjufengding,fangjian,gaoji,jiesan,liufen,moshi,paymentRoomCardType,playerMinNum,playerNum,setCount,wanfa,xianShi	bffb999fa40354ebb36f5de9bc01205c10b8006b2e1922587729f53581dd3405
226	zjwzmj	mahjong:standard	mahjong/standard-tiles/pre-seat-choice/multi-winner	PROVINCE/zhejiang	flowers,multi-hu,piao-xiapao,response-choice,special-hu,wildcard	pre-seat-choice,multi-winner,wildcard-resolution	SOURCE_SIGNATURE_AVAILABLE	ZJWZMJCalcPosEnd.java;ZJWZMJRoomEnum.java;ZJWZMJRoomSet.java;ZJWZMJSetCard.java;ZJWZMJSetOp.java;CZJWZMJCreateRoom.java;CZJWZMJ_CreateRoom.java;BaseCreateRoom.java;zjwzmjChildCreateRoom.js	fangjian,gaoji,jiesan,kexuanwanfa,lianzhuangbeishu,moshi,paymentRoomCardType,playerMinNum,playerNum,setCount,xianShi	afc64d2671b153ba7709d45e39eb15f9066d35379e062f80fa19908b0a98004e
227	szmj	mahjong:lai-zi	mahjong/flower-extended/discard-response-window/multi-winner	PROVINCE/jiangsu	flowers,horse-bird,multi-hu,special-hu,wildcard	discard-response-window,multi-winner,horse-bird-ledger,wildcard-resolution	SOURCE_SIGNATURE_AVAILABLE	SZMJCalcPosEnd.java;SZMJRoomEnum.java;SZMJRoomSet.java;SZMJSetCard.java;SZMJSetOp.java;CSZMJCreateRoom.java;CSZMJ_CreateRoom.java;BaseCreateRoom.java;szmjChildCreateRoom.js	fangjian,gangbao,gaoji,haoqi,hufa,jiesan,kexuanwanfa,leixing,niaoshu,paymentRoomCardType,playerMinNum,playerNum,setCount,xianShi	3d48c66bc680eb23b932de984c719e0579b180a4fff15107dec3c6c8253967f8
229	fxmj	mahjong:standard	mahjong/standard-tiles/pre-seat-choice/single-winner	PROVINCE/liaoning	flowers,response-choice,special-hu,wildcard	pre-seat-choice,single-winner,gang-ledger,wildcard-resolution	SOURCE_SIGNATURE_AVAILABLE	FXMJCalcPosEnd.java;FXMJRoomEnum.java;FXMJRoomSet.java;FXMJSetCard.java;FXMJSetOp.java;CFXMJCreateRoom.java;CFXMJ_CreateRoom.java;BaseCreateRoom.java;fxmjChildCreateRoom.js	fangjian,fengDing,gaoji,jiesan,kexuanwanfa,paymentRoomCardType,playerMinNum,playerNum,setCount,xianShi	d7fc595a118b98ab99224d1cabf756a3fab4696e4e88751745bf3b6855fd48ef
230	lsmj	mahjong:standard	mahjong/flower-extended/standard-round/single-winner	PROVINCE/jiangsu	flowers,special-hu	standard-round,single-winner,gang-ledger	SOURCE_SIGNATURE_AVAILABLE	LSMJCalcPosEnd.java;LSMJRoomEnum.java;LSMJRoomSet.java;LSMJSetCard.java;LSMJSetOp.java;CLSMJCreateRoom.java;CLSMJ_CreateRoom.java;BaseCreateRoom.java;lsmjChildCreateRoom.js	fangjian,gaoji,jiesan,paymentRoomCardType,playerMinNum,playerNum,setCount,wanfa,xianShi,yuanziguize	a5914710f8e4bbdf2c710056b00aa3a83a7e6a688dcdc1ba2e6e35101cbbf720
231	yzgymj	mahjong:lai-zi	mahjong/flower-extended/discard-response-window/multi-winner	PROVINCE/jiangsu	flowers,multi-hu,special-hu,wildcard	discard-response-window,multi-winner,gang-ledger,wildcard-resolution	SOURCE_SIGNATURE_AVAILABLE	YZGYMJCalcPosEnd.java;YZGYMJRoomEnum.java;YZGYMJRoomSet.java;YZGYMJSetCard.java;YZGYMJSetOp.java;YZGYMJHuUtil.java;CYZGYMJCreateRoom.java;CYZGYMJ_CreateRoom.java;BaseCreateRoom.java;yzgymjChildCreateRoom.js	fangjian,gaoji,jiesan,kexuanwanfa,moshi,paymentRoomCardType,playerMinNum,playerNum,setCount,xianShi	7ded26bae916c7227819703fc819dd6b452ef9821c80b2e6dfb5fb490ea9a61c
232	sqsymj	mahjong:lai-zi	mahjong/flower-extended/discard-response-window/multi-winner	PROVINCE/jiangsu	flowers,multi-hu,special-hu,wildcard	discard-response-window,multi-winner,gang-ledger,wildcard-resolution	SOURCE_SIGNATURE_AVAILABLE	SQSYMJCalcPosEnd.java;SQSYMJRoomEnum.java;SQSYMJRoomSet.java;SQSYMJSetCard.java;SQSYMJSetOp.java;CSQSYMJCreateRoom.java;CSQSYMJ_CreateRoom.java;BaseCreateRoom.java;sqsymjChildCreateRoom.js	difen,fangjian,fengDing,gaoji,jiesan,kexuanwanfa,paymentRoomCardType,playerMinNum,playerNum,setCount,xianShi	2f9c09348135fdac93677f9f45a4a604a9886faddcd10efca0da3ee635df71f6
233	aqmj	mahjong:standard	mahjong/standard-tiles/pre-seat-choice/single-winner	PROVINCE/anhui	flowers,response-choice,special-hu,wildcard	pre-seat-choice,single-winner,gang-ledger,wildcard-resolution	SOURCE_SIGNATURE_AVAILABLE	AQMJCalcPosEnd.java;AQMJRoomEnum.java;AQMJRoomSet.java;AQMJSetCard.java;AQMJSetOp.java;CAQMJCreateRoom.java;CAQMJ_CreateRoom.java;BaseCreateRoom.java;aqmjChildCreateRoom.js	fangjian,gaoji,jiesan,kexuanwanfa,paymentRoomCardType,playerMinNum,playerNum,setCount,xianShi	087444448a721b98abfc40601b9a0514d2d6c3d20f0025c415e7861509822a72
234	jdmj	mahjong:lai-zi	mahjong/flower-extended/discard-response-window/multi-winner	PROVINCE/jiangsu	flowers,multi-hu,wildcard	discard-response-window,multi-winner,gang-ledger,wildcard-resolution	SOURCE_SIGNATURE_AVAILABLE	JDMJCalcPosEnd.java;JDMJRoomEnum.java;JDMJRoomSet.java;JDMJSetCard.java;JDMJSetOp.java;CJDMJCreateRoom.java;CJDMJ_CreateRoom.java;BaseCreateRoom.java;jdmjChildCreateRoom.js	difenshezhi,fangjian,gaoji,huangwanfa,jiesan,jifenfangshi,kexuanwanfa,paymentRoomCardType,playerMinNum,playerNum,qihubiaozhun,setCount,xianShi	086f73b5ac25fd50bdaa4898ffef49482836a189f141435152ef2337f6ec5c60
235	whmj	mahjong:standard	mahjong/standard-tiles/pre-seat-choice/single-winner	PROVINCE/anhui	flowers,response-choice,special-hu,wildcard	pre-seat-choice,single-winner,gang-ledger,wildcard-resolution	SOURCE_SIGNATURE_AVAILABLE	WHMJCalcPosEnd.java;WHMJRoomEnum.java;WHMJRoomSet.java;WHMJSetCard.java;WHMJSetOp.java;CWHMJCreateRoom.java;CWHMJ_CreateRoom.java;BaseCreateRoom.java;whmjChildCreateRoom.js	dishu,fangjian,gaoji,jiesan,kexuanwanfa,paymentRoomCardType,playerMinNum,playerNum,setCount,xianShi	c20387afba83b9c3f8efd114946c60dd3b43b8e964f7829ff4eb4be26e7e2889
236	nbmj	mahjong:lai-zi	mahjong/flower-extended/standard-round/single-winner	PROVINCE/zhejiang	flowers,special-hu,wildcard	standard-round,single-winner,wildcard-resolution	SOURCE_SIGNATURE_AVAILABLE	NBMJCalcPosEnd.java;NBMJRoomEnum.java;NBMJRoomSet.java;NBMJSetCard.java;NBMJSetOp.java;CNBMJCreateRoom.java;CNBMJ_CreateRoom.java;BaseCreateRoom.java;nbmjChildCreateRoom.js	difen,fangjian,gaoji,jiesan,moshi,paymentRoomCardType,playerMinNum,playerNum,qihutaishu,qinghunpeng,setCount,wanfa,xianShi	ec46089fc41cd05fd2df2ce0d10697250d37c1dfb0d8f9c79e219d7f8c9bad7a
237	jxmj	mahjong:lai-zi	mahjong/flower-extended/discard-response-window/multi-winner	PROVINCE/zhejiang	flowers,multi-hu,special-hu,wildcard	discard-response-window,multi-winner,wildcard-resolution	SOURCE_SIGNATURE_AVAILABLE	JXMJCalcPosEnd.java;JXMJRoomEnum.java;JXMJRoomSet.java;JXMJSetCard.java;JXMJSetOp.java;CJXMJCreateRoom.java;CJXMJ_CreateRoom.java;BaseCreateRoom.java;jxmjChildCreateRoom.js	difen,fangjian,fengding,gaoji,jiesan,kexuanwanfa,moshi,paymentRoomCardType,playerMinNum,playerNum,setCount,xianShi	b4a857e2e86ab99fdc0ecd1c25fb09fcecf958370d3f3f0d7bc91677d5e8fcb2
238	caooszmj	UNCLASSIFIED_MISSING_SOURCE	RUNTIME_ARCHETYPE:UNKNOWN	PROVINCE/chongqing	missing-source	""	SOURCE_MISSING_OR_UNREADABLE	""	""	8fc46f87a8ebd53cfaf069123d97184536c3cb90f639b9f430ab010feaeeea93
240	jchhmj	mahjong:standard	mahjong/flower-extended/pre-seat-choice/multi-winner	PROVINCE/hubei	flowers,multi-hu,response-choice,wildcard	pre-seat-choice,multi-winner,gang-ledger,wildcard-resolution	SOURCE_SIGNATURE_AVAILABLE	JCHHMJCalcPosEnd.java;JCHHMJRoomEnum.java;JCHHMJRoomSet.java;JCHHMJSetCard.java;JCHHMJSetOp.java;CJCHHMJCreateRoom.java;CJCHHMJ_CreateRoom.java;BaseCreateRoom.java;jchhmjChildCreateRoom.js	fangjian,gaoji,jiesan,kexuanwanfa,paymentRoomCardType,playerMinNum,playerNum,setCount,wanfa,xianShi	5451d81c6511fae39d170157171af2c8205db4680d1b485b1e8c8d9242566c8f
241	lcmj	mahjong:standard	mahjong/standard-tiles/discard-response-window/multi-winner	PROVINCE/jiangxi	flowers,multi-hu,wildcard	discard-response-window,multi-winner,gang-ledger,wildcard-resolution	SOURCE_SIGNATURE_AVAILABLE	LCMJCalcPosEnd.java;LCMJRoomEnum.java;LCMJRoomSet.java;LCMJSetCard.java;LCMJSetOp.java;CLCMJCreateRoom.java;CLCMJ_CreateRoom.java;BaseCreateRoom.java;lcmjChildCreateRoom.js	fangjian,gaoji,jiesan,kexuanwanfa,mashu,paymentRoomCardType,playerMinNum,playerNum,setCount,xianShi	31f3830b42caffdccb7dc485f2dea45169f71e88f6046b3d38532cec820c6ef3
242	qzcsmj	mahjong:lai-zi	mahjong/flower-extended/standard-round/single-winner	PROVINCE/zhejiang	flowers,special-hu,wildcard	standard-round,single-winner,gang-ledger,wildcard-resolution	SOURCE_SIGNATURE_AVAILABLE	QZCSMJCalcPosEnd.java;QZCSMJRoomEnum.java;QZCSMJRoomSet.java;QZCSMJSetCard.java;QZCSMJSetOp.java;QZCSMJHuUtil.java;CQZCSMJCreateRoom.java;CQZCSMJ_CreateRoom.java;BaseCreateRoom.java;qzcsmjChildCreateRoom.js	caipiao,difen,fangjian,gaoji,jiesan,kexuanwanfa,paymentRoomCardType,playerMinNum,playerNum,setCount,xianShi	81088fd4ff144f54228f374db5469394e94d423173a309d30ccff211ee9fd690
243	qzkhmj	mahjong:lai-zi	mahjong/flower-extended/discard-response-window/multi-winner	PROVINCE/zhejiang	flowers,multi-hu,special-hu,wildcard	discard-response-window,multi-winner,wildcard-resolution	SOURCE_SIGNATURE_AVAILABLE	QZKHMJCalcPosEnd.java;QZKHMJRoomEnum.java;QZKHMJRoomSet.java;QZKHMJSetCard.java;QZKHMJSetOp.java;CQZKHMJCreateRoom.java;CQZKHMJ_CreateRoom.java;BaseCreateRoom.java;qzkhmjChildCreateRoom.js	difen,fangjian,gaoji,jiesan,paymentRoomCardType,playerMinNum,playerNum,setCount,wanfa,xianShi	fe07cb6b35fca938eb59435ef045a87437b87af466d1ac9171d2f4216f5af8ce
245	ygjzmj	mahjong:standard	mahjong/flower-extended/discard-response-window/multi-winner	PROVINCE/jiangxi	flowers,multi-hu,special-hu,wildcard	discard-response-window,multi-winner,gang-ledger,wildcard-resolution	SOURCE_SIGNATURE_AVAILABLE	YGJZMJCalcPosEnd.java;YGJZMJRoomEnum.java;YGJZMJRoomSet.java;YGJZMJSetCard.java;YGJZMJSetOp.java;CYGJZMJCreateRoom.java;CYGJZMJ_CreateRoom.java;BaseCreateRoom.java;ygjzmjChildCreateRoom.js	fafen,fangjian,fengding,gaoji,jiesan,kexuanwanfa,paymentRoomCardType,playerMinNum,playerNum,qiangganghu,setCount,xianShi	da5ca88aa25f744ff11614f61551bb3a5490a60c376dbddee4273a013464a718
246	tmhhmj	mahjong:lai-zi	mahjong/flower-extended/pre-seat-choice/single-winner	PROVINCE/hubei	flowers,horse-bird,piao-xiapao,special-hu,wildcard	pre-seat-choice,single-winner,horse-bird-ledger,gang-ledger,wildcard-resolution	SOURCE_SIGNATURE_AVAILABLE	TMHHMJCalcPosEnd.java;TMHHMJRoomEnum.java;TMHHMJRoomSet.java;TMHHMJSetCard.java;TMHHMJSetOp.java;CTMHHMJCreateRoom.java;CTMHHMJ_CreateRoom.java;BaseCreateRoom.java;tmhhmjChildCreateRoom.js	difen,fangjian,fengDing,gaoji,jiesan,kexuanwanfa,maima,moshi,paymentRoomCardType,playerMinNum,playerNum,setCount,xianShi	5d84be001d8c308095414c0bc14d0af42e630282c2e70be67f183328cc9d6a97
247	jstdhmj	mahjong:tui-dao-hu	mahjong/reduced-suits/special-deal/single-winner	PROVINCE/hebei	flowers,wildcard	special-deal,single-winner,gang-ledger,wildcard-resolution	SOURCE_SIGNATURE_AVAILABLE	JSTDHMJCalcPosEnd.java;JSTDHMJRoomEnum.java;JSTDHMJRoomSet.java;JSTDHMJSetCard.java;JSTDHMJSetOp.java;CJSTDHMJCreateRoom.java;CJSTDHMJ_CreateRoom.java;BaseCreateRoom.java;jstdhmjChildCreateRoom.js	difen,fangjian,gaoji,jiesan,kexuanwanfa,paymentRoomCardType,playerMinNum,playerNum,setCount,wanfa,xianShi	94765156c822cb524b0e1fbb88bb9c7e5575fecc0477a8d2eb484b48ff4f1806
248	sxhtmj	mahjong:lai-zi	mahjong/flower-extended/standard-round/single-winner	PROVINCE/shanxi	flowers,special-hu,wildcard	standard-round,single-winner,gang-ledger,wildcard-resolution	SOURCE_SIGNATURE_AVAILABLE	SXHTMJCalcPosEnd.java;SXHTMJRoomEnum.java;SXHTMJRoomSet.java;SXHTMJSetCard.java;SXHTMJSetOp.java;CSXHTMJCreateRoom.java;CSXHTMJ_CreateRoom.java;BaseCreateRoom.java;sxhtmjChildCreateRoom.js	fangjian,gaoji,jiesan,kexuanwanfa,paymentRoomCardType,playerMinNum,playerNum,setCount,wanfa,xianShi	e042e3822446067172a9cff87009ccc7905254d232d1d68f0d625f928a3877b6
249	yszmj	mahjong:standard	mahjong/standard-tiles/discard-response-window/multi-winner	PROVINCE/shanxi	flowers,multi-hu,wildcard	discard-response-window,multi-winner,wildcard-resolution	SOURCE_SIGNATURE_AVAILABLE	YSZMJCalcPosEnd.java;YSZMJRoomEnum.java;YSZMJRoomSet.java;YSZMJSetCard.java;YSZMJSetOp.java;CYSZMJCreateRoom.java;CYSZMJ_CreateRoom.java;BaseCreateRoom.java;yszmjChildCreateRoom.js	fangjian,gaoji,jiesan,kexuanwanfa,paymentRoomCardType,playerMinNum,playerNum,setCount,xianShi	8c6dd52e1ef3b03c1d46777ef02d653f41bca159ae9345a85d150553fb6d6d92
250	dlaoomj	UNCLASSIFIED_MISSING_SOURCE	RUNTIME_ARCHETYPE:UNKNOWN	PROVINCE/liaoning	missing-source	""	SOURCE_MISSING_OR_UNREADABLE	""	""	3fddb43c5658836f1e84a84e51ab1127c42cbac7bf5a032da9ad82b4d41dba92
251	yxbzmj	mahjong:standard	mahjong/standard-tiles/standard-round/single-winner	PROVINCE/shanxi	flowers,wildcard	standard-round,single-winner,gang-ledger,wildcard-resolution	SOURCE_SIGNATURE_AVAILABLE	YXBZMJCalcPosEnd.java;YXBZMJRoomEnum.java;YXBZMJRoomSet.java;YXBZMJSetCard.java;YXBZMJSetOp.java;CYXBZMJCreateRoom.java;CYXBZMJ_CreateRoom.java;BaseCreateRoom.java;yxbzmjChildCreateRoom.js	difen,fangjian,gaoji,jiesan,kexuanwanfa,paymentRoomCardType,playerMinNum,playerNum,setCount,xianShi	c1cf60f3cf694af1beeff8f669f53fa69c52a36d4fc436f128632db5d031d297
252	yctjmj	mahjong:lai-zi	mahjong/flower-extended/pre-seat-choice/single-winner	PROVINCE/shanxi	flowers,piao-xiapao,special-hu,wildcard	pre-seat-choice,single-winner,gang-ledger,wildcard-resolution	SOURCE_SIGNATURE_AVAILABLE	YCTJMJCalcPosEnd.java;YCTJMJRoomEnum.java;YCTJMJRoomSet.java;YCTJMJSetCard.java;YCTJMJSetOp.java;CYCTJMJCreateRoom.java;CYCTJMJ_CreateRoom.java;BaseCreateRoom.java;yctjmjChildCreateRoom.js	fanfanpaixin,fangjian,gaoji,jiesan,jinshu,kexuanwanfa,paymentRoomCardType,playerMinNum,playerNum,setCount,xianShi	2d978e7ecdfffec26f8ed88306c3f9aaabc7c5c49c64c201f50903c47393680f
253	yldgzmj	mahjong:standard	mahjong/reduced-suits/special-deal/single-winner	PROVINCE/shanxisheng	flowers,special-hu	special-deal,single-winner,gang-ledger	SOURCE_SIGNATURE_AVAILABLE	YLDGZMJCalcPosEnd.java;YLDGZMJRoomEnum.java;YLDGZMJRoomSet.java;YLDGZMJSetCard.java;YLDGZMJSetOp.java;CYLDGZMJCreateRoom.java;CYLDGZMJ_CreateRoom.java;BaseCreateRoom.java;yldgzmjChildCreateRoom.js	fangjian,gaoji,guozi,jiesan,kexuanwanfa,paymentRoomCardType,playerMinNum,playerNum,setCount,xianShi	a3cc32b4f4336167dec55140f3eee013fea292107fd0cece9a55d46a1ca1fa82
254	hbwhmj	mahjong:lai-zi	mahjong/standard-tiles/discard-response-window/multi-winner	PROVINCE/hubei	flowers,multi-hu,special-hu,wildcard	discard-response-window,multi-winner,wildcard-resolution	SOURCE_SIGNATURE_AVAILABLE	HBWHMJCalcPosEnd.java;HBWHMJRoomEnum.java;HBWHMJRoomSet.java;HBWHMJSetCard.java;HBWHMJSetOp.java;CHBWHMJCreateRoom.java;CHBWHMJ_CreateRoom.java;BaseCreateRoom.java;hbwhmjChildCreateRoom.js	fangjian,fengDing,gaoji,jiesan,kexuanwanfa,moshi,paymentRoomCardType,playerMinNum,playerNum,qihu,setCount,wanfa,xianShi	3ed9584d30cf5be307aff03866c049e67fcb3a12017b7a6e52e9400d3aa2a50a
255	ak159mj	mahjong:lai-zi	mahjong/flower-extended/pre-seat-choice/single-winner	PROVINCE/shanxisheng	flowers,horse-bird,piao-xiapao,response-choice,special-hu,wildcard	pre-seat-choice,single-winner,horse-bird-ledger,gang-ledger,wildcard-resolution	SOURCE_SIGNATURE_AVAILABLE	AK159MJCalcPosEnd.java;AK159MJRoomEnum.java;AK159MJRoomSet.java;AK159MJSetCard.java;AK159MJSetOp.java;CAK159MJCreateRoom.java;CAK159MJ_CreateRoom.java;BaseCreateRoom.java;ak159mjChildCreateRoom.js	fangjian,gaoji,jiesan,kexuanwanfa,maima,paymentRoomCardType,playerMinNum,playerNum,setCount,xianShi	9e512f4064cd28951fff00fa67cacbba470601b9d6f12ebf74b1c44afed62a06
256	jsnyzmj	mahjong:lai-zi	mahjong/flower-extended/standard-round/single-winner	PROVINCE/shanxi	flowers,special-hu,wildcard	standard-round,single-winner,gang-ledger,wildcard-resolution	SOURCE_SIGNATURE_AVAILABLE	JSNYZMJCalcPosEnd.java;JSNYZMJRoomEnum.java;JSNYZMJRoomSet.java;JSNYZMJSetCard.java;JSNYZMJSetOp.java;CJSNYZMJCreateRoom.java;CJSNYZMJ_CreateRoom.java;BaseCreateRoom.java;jsnyzmjChildCreateRoom.js	difen,fangjian,gaoji,jiesan,kexuanwanfa,liupai,paymentRoomCardType,playerMinNum,playerNum,setCount,xianShi	3d9457b2faab306a786c93868d3baf8eb31cdce32aa5e93b5ebc38a9da9fe088
257	gyzjmj	mahjong:lai-zi	mahjong/standard-tiles/discard-response-window/multi-winner	PROVINCE/guizhou	flowers,multi-hu,wildcard	discard-response-window,multi-winner,gang-ledger,wildcard-resolution	SOURCE_SIGNATURE_AVAILABLE	GYZJMJCalcPosEnd.java;GYZJMJRoomEnum.java;GYZJMJRoomSet.java;GYZJMJSetCard.java;GYZJMJSetOp.java;CGYZJMJCreateRoom.java;CGYZJMJ_CreateRoom.java;BaseCreateRoom.java;gyzjmjChildCreateRoom.js	fangjian,gaoji,jiesan,jipai,kexuanwanfa,paymentRoomCardType,playerMinNum,playerNum,setCount,wanfa,xianShi,yinghu	aafd02149ae091a5f02db1bd835d2ddf48cdfc23e0f07f62cc5c8792ef6f3f85
258	dtlgfmj	mahjong:standard	mahjong/flower-extended/pre-seat-choice/single-winner	PROVINCE/shanxi	flowers,response-choice,special-hu,wildcard	pre-seat-choice,single-winner,gang-ledger,wildcard-resolution	SOURCE_SIGNATURE_AVAILABLE	DTLGFMJCalcPosEnd.java;DTLGFMJRoomEnum.java;DTLGFMJRoomSet.java;DTLGFMJSetCard.java;DTLGFMJSetOp.java;CDTLGFMJCreateRoom.java;CDTLGFMJ_CreateRoom.java;BaseCreateRoom.java;dtlgfmjChildCreateRoom.js	fangjian,gaoji,jiesan,kexuanwanfa,paymentRoomCardType,playerMinNum,playerNum,setCount,xianShi	18702e048c5e02022b3c3524bbb9d5970a259e16858129e04bcf01ba7c11aca3
259	shqmmj	mahjong:lai-zi	mahjong/flower-extended/discard-response-window/multi-winner	PROVINCE/shanghai	flowers,horse-bird,multi-hu,special-hu,wildcard	discard-response-window,multi-winner,horse-bird-ledger,wildcard-resolution	SOURCE_SIGNATURE_AVAILABLE	SHQMMJCalcPosEnd.java;SHQMMJRoomEnum.java;SHQMMJRoomSet.java;SHQMMJSetCard.java;SHQMMJSetOp.java;CSHQMMJCreateRoom.java;CSHQMMJ_CreateRoom.java;BaseCreateRoom.java;shqmmjChildCreateRoom.js	fangjian,gaoji,hupaidihua,jiesan,kexuanwanfa,lezi,paymentRoomCardType,playerMinNum,playerNum,setCount,xianShi	7d41737e39299bd4b7e5e8baf84bee993cb1561a0b1c0f617868787f0b04feaf
260	hnmj	mahjong:lai-zi	mahjong/reduced-suits/pre-seat-choice/multi-winner	PROVINCE/hainan	flowers,multi-hu,piao-xiapao,special-hu,wildcard	pre-seat-choice,multi-winner,gang-ledger,wildcard-resolution	SOURCE_SIGNATURE_AVAILABLE	HNMJCalcPosEnd.java;HNMJRoomEnum.java;HNMJRoomSet.java;HNMJSetCard.java;HNMJSetOp.java;HNMJHuUtil.java;CHNMJCreateRoom.java;CHNMJ_CreateRoom.java;BaseCreateRoom.java;hnmjChildCreateRoom.js	fangjian,fengDing,gaoji,jiesan,kexuanwanfa,laizi,paymentRoomCardType,playerMinNum,playerNum,setCount,wanfa,xianShi	a88e2faff889d282cdb7e9fa7cc2c77032595b8e1cb49bb725d3e5007663c311
262	lpsmj	mahjong:standard	mahjong/standard-tiles/pre-seat-choice/multi-winner	PROVINCE/guizhou	flowers,multi-hu,piao-xiapao,response-choice,wildcard	pre-seat-choice,multi-winner,gang-ledger,wildcard-resolution	SOURCE_SIGNATURE_AVAILABLE	LPSMJCalcPosEnd.java;LPSMJRoomEnum.java;LPSMJRoomSet.java;LPSMJSetCard.java;LPSMJSetOp.java;CLPSMJCreateRoom.java;CLPSMJ_CreateRoom.java;BaseCreateRoom.java;lpsmjChildCreateRoom.js	fangjian,gaoji,jiesan,kexuanwanfa,lianzhuang,paymentRoomCardType,playerMinNum,playerNum,setCount,xianShi	dd375cb9bf249e91dc1286cacf8998df46a17f88f7ea44bd3d2d8dde5b8766cf
263	dkgmj	mahjong:xue-zhan	mahjong/flower-extended/multi-finish/continuing-settlement	PROVINCE/sichuan	flowers,multi-hu,special-hu,xuezhan	multi-finish,continuing-settlement,gang-ledger	SOURCE_SIGNATURE_AVAILABLE	DKGMJCalcPosEnd.java;DKGMJRoomEnum.java;DKGMJRoomSet.java;DKGMJSetCard.java;DKGMJSetOp.java;CDKGMJCreateRoom.java;CDKGMJ_CreateRoom.java;BaseCreateRoom.java;dkgmjChildCreateRoom.js	diangang,fangjian,fengDing,gaoji,jiesan,kexuanwanfa,paymentRoomCardType,playerMinNum,playerNum,setCount,xianShi,zimo	076c69e3dfe0dbe9c8029cad465034d2413892836071c78f0c68c9f1c02bfe2b
264	sxlsmj	mahjong:lai-zi	mahjong/standard-tiles/pre-seat-choice/single-winner	PROVINCE/shanxi	flowers,response-choice,special-hu,wildcard	pre-seat-choice,single-winner,gang-ledger,wildcard-resolution	SOURCE_SIGNATURE_AVAILABLE	SXLSMJCalcPosEnd.java;SXLSMJRoomEnum.java;SXLSMJRoomSet.java;SXLSMJSetCard.java;SXLSMJSetOp.java;CSXLSMJCreateRoom.java;CSXLSMJ_CreateRoom.java;BaseCreateRoom.java;sxlsmjChildCreateRoom.js	fangjian,gaoji,jiesan,kexuanwanfa,paymentRoomCardType,playerMinNum,playerNum,setCount,xianShi	1c5bc8c60c8c6cd14f7c752d174caca159211e8a2a5fb73b944e4d832a0d944e
265	dzmj	mahjong:standard	mahjong/reduced-suits/standard-round/single-winner	PROVINCE/fujian	flowers,special-hu,wildcard	standard-round,single-winner,wildcard-resolution	SOURCE_SIGNATURE_AVAILABLE	DZMJCalcPosEnd.java;DZMJRoomEnum.java;DZMJRoomSet.java;DZMJSetCard.java;DZMJSetOp.java;DZMJHuUtil.java;CDZMJCreateRoom.java;CDZMJ_CreateRoom.java;BaseCreateRoom.java;dzmjChildCreateRoom.js	fangjian,gaoji,hufan,jiesan,kexuanwanfa,paymentRoomCardType,playerMinNum,playerNum,setCount,xianShi,yipaoduoxiang	80a27ed371e7ae6b5f19302ce4ca47d5695d5551d814c085c2514abec17593bf
266	xl2vs2mj	mahjong:xue-liu	mahjong/reduced-suits/continuous-win/continuing-settlement	PROVINCE/sichuan	flowers,multi-hu,piao-xiapao,special-hu,wildcard,xuezhan	continuous-win,continuing-settlement,gang-ledger,wildcard-resolution	SOURCE_SIGNATURE_AVAILABLE	XL2VS2MJCalcPosEnd.java;XL2VS2MJRoomEnum.java;XL2VS2MJRoomSet.java;XL2VS2MJSetCard.java;XL2VS2MJSetOp.java;XL2VS2MJHuUtil.java;CXL2VS2MJCreateRoom.java;CXL2VS2MJ_CreateRoom.java;BaseCreateRoom.java;xl2vs2mjChildCreateRoom.js	diangang,duiwushuying,fangjian,fengDing,gaoji,jiesan,kexuanwanfa,lianmai,paymentRoomCardType,playerMinNum,playerNum,setCount,xianShi,zimo	d247935ad129618b785b2797b85fc1bdd6bbf5683dd7174773bbe3b9d9700edb
269	llfymj	mahjong:standard	mahjong/reduced-suits/standard-round/single-winner	PROVINCE/shanxisheng	flowers,special-hu,wildcard	standard-round,single-winner,wildcard-resolution	SOURCE_SIGNATURE_AVAILABLE	LLFYMJCalcPosEnd.java;LLFYMJRoomEnum.java;LLFYMJRoomSet.java;LLFYMJSetCard.java;LLFYMJSetOp.java;CLLFYMJCreateRoom.java;CLLFYMJ_CreateRoom.java;BaseCreateRoom.java;llfymjChildCreateRoom.js	fangjian,gaoji,jiesan,kexuanwanfa,paymentRoomCardType,playerMinNum,playerNum,setCount,wanfa,xianShi	ecf5380ebfe607fb680ccbf2557060e7351ca2df4678c7f7f9b6641311f0cfec
270	jmgghmj	mahjong:lai-zi	mahjong/reduced-suits/standard-round/single-winner	PROVINCE/guangdong	flowers,horse-bird,special-hu,wildcard	standard-round,single-winner,horse-bird-ledger,gang-ledger,wildcard-resolution	SOURCE_SIGNATURE_AVAILABLE	JMGGHMJCalcPosEnd.java;JMGGHMJRoomEnum.java;JMGGHMJRoomSet.java;JMGGHMJSetCard.java;JMGGHMJSetOp.java;CJMGGHMJCreateRoom.java;CJMGGHMJ_CreateRoom.java;BaseCreateRoom.java;jmgghmjChildCreateRoom.js	fangjian,fengDing,gaoji,guipai,guize,jiesan,kexuanwanfa,mapai,mashu,paymentRoomCardType,playerMinNum,playerNum,setCount,xianShi,xuanzhuangjia	302d84b9b3ec3b93e75cb9a1257df56f17dc39be349db95e0c7aed8c7b3e6c24
271	mmmj	mahjong:lai-zi	mahjong/standard-tiles/pre-seat-choice/single-winner	PROVINCE/guangdong	flowers,horse-bird,response-choice,special-hu,wildcard	pre-seat-choice,single-winner,horse-bird-ledger,gang-ledger,wildcard-resolution	SOURCE_SIGNATURE_AVAILABLE	MMMJCalcPosEnd.java;MMMJRoomEnum.java;MMMJRoomSet.java;MMMJSetCard.java;MMMJSetOp.java;CMMMJCreateRoom.java;CMMMJ_CreateRoom.java;BaseCreateRoom.java;mmmjChildCreateRoom.js	fangjian,gaoji,jiesan,kexuanwanfa,maima,paymentRoomCardType,playerMinNum,playerNum,setCount,xianShi	1208207ce725ad24205fcc3008d3d855b1adbfa00bd67345d99c736cee045af5
272	masmj	mahjong:standard	mahjong/standard-tiles/standard-round/single-winner	PROVINCE/anhui	flowers,special-hu,wildcard,xuezhan	standard-round,single-winner,wildcard-resolution	SOURCE_SIGNATURE_AVAILABLE	MASMJCalcPosEnd.java;MASMJRoomEnum.java;MASMJRoomSet.java;MASMJSetCard.java;MASMJSetOp.java;CMASMJCreateRoom.java;CMASMJ_CreateRoom.java;BaseCreateRoom.java;masmjChildCreateRoom.js	fangjian,gaoji,jiesan,kexuanwanfa,meidao,paymentRoomCardType,playerMinNum,playerNum,setCount,xianShi	1c12a9b6e65eeebc9224cd044462a77112b8e09cc63ee17b47e7967c12231bcf
273	ahhnmj	mahjong:standard	mahjong/reduced-suits/pre-seat-choice/single-winner	PROVINCE/anhui	flowers,response-choice	pre-seat-choice,single-winner	SOURCE_SIGNATURE_AVAILABLE	AHHNMJCalcPosEnd.java;AHHNMJRoomEnum.java;AHHNMJRoomSet.java;AHHNMJSetCard.java;AHHNMJSetOp.java;CAHHNMJCreateRoom.java;CAHHNMJ_CreateRoom.java;BaseCreateRoom.java;ahhnmjChildCreateRoom.js	fangjian,gaoji,jiesan,kexuanwanfa,paymentRoomCardType,playerMinNum,playerNum,setCount,xianShi	16e2b0d4b0b17da1a9aa5d069354b874ef0668c38dfb01b6b2d4666e24eadbcc
274	yjmj	mahjong:lai-zi	mahjong/standard-tiles/pre-seat-choice/single-winner	PROVINCE/guangdong	flowers,horse-bird,response-choice,special-hu,wildcard	pre-seat-choice,single-winner,horse-bird-ledger,gang-ledger,wildcard-resolution	SOURCE_SIGNATURE_AVAILABLE	YJMJCalcPosEnd.java;YJMJRoomEnum.java;YJMJRoomSet.java;YJMJSetCard.java;YJMJSetOp.java;CYJMJCreateRoom.java;CYJMJ_CreateRoom.java;BaseCreateRoom.java;yjmjChildCreateRoom.js	dingzhuang,fangjian,fengDing,gaoji,guipai,jiesan,kexuanwanfa,mapai,paymentRoomCardType,playerMinNum,playerNum,setCount,xianShi	b9c74c4e0a1b026c8a986f9125de0a7120857c596020f25c90aa2c1ebabe882a
275	hfmj	mahjong:standard	mahjong/flower-extended/standard-round/single-winner	PROVINCE/anhui	flowers,special-hu,wildcard	standard-round,single-winner,gang-ledger,wildcard-resolution	SOURCE_SIGNATURE_AVAILABLE	HFMJCalcPosEnd.java;HFMJRoomEnum.java;HFMJRoomSet.java;HFMJSetCard.java;HFMJSetOp.java;CHFMJCreateRoom.java;CHFMJ_CreateRoom.java;BaseCreateRoom.java;hfmjChildCreateRoom.js	fangjian,gaoji,jiesan,kexuanwanfa,naozhuang,paymentRoomCardType,playerMinNum,playerNum,setCount,xianShi	3b27febae20daeee483552c9bf3e5f9f9a104db7f0eab96664e4492a81cd8ffe
276	gzmj	mahjong:lai-zi	mahjong/flower-extended/discard-response-window/multi-winner	PROVINCE/jiangxi	flowers,multi-hu,special-hu,wildcard	discard-response-window,multi-winner,gang-ledger,wildcard-resolution	SOURCE_SIGNATURE_AVAILABLE	GZMJCalcPosEnd.java;GZMJRoomEnum.java;GZMJRoomSet.java;GZMJSetCard.java;GZMJSetOp.java;CGZMJCreateRoom.java;CGZMJ_CreateRoom.java;BaseCreateRoom.java;gzmjChildCreateRoom.js	chujingjiangli,fangjian,gaoji,hupaidifen,jiaozui,jiesan,kexuanwanfa,paymentRoomCardType,pinghu,playerMinNum,playerNum,setCount,wanfa,xianShi	6907b26192a5e578008f87e8ea215fa22ad2b9fc6b5442dd05427aa0dfd39d4f
277	swmj	mahjong:lai-zi	mahjong/flower-extended/pre-seat-choice/single-winner	PROVINCE/guangdong	flowers,horse-bird,response-choice,special-hu,wildcard	pre-seat-choice,single-winner,horse-bird-ledger,gang-ledger,wildcard-resolution	SOURCE_SIGNATURE_AVAILABLE	SWMJCalcPosEnd.java;SWMJRoomEnum.java;SWMJRoomSet.java;SWMJSetCard.java;SWMJSetOp.java;CSWMJCreateRoom.java;CSWMJ_CreateRoom.java;BaseCreateRoom.java;swmjChildCreateRoom.js	fangjian,fenghua,gaoji,guipai,jiangma,jiesan,kexuanwanfa,mafen,paixingfanbei,paohu,paymentRoomCardType,playerMinNum,playerNum,setCount,teshupaixing,xianShi	779afc069e140fbfef7b822c883b5fecac92c6d88c6dbe96712f71208b21bd06
278	gdjymj	mahjong:standard	mahjong/standard-tiles/pre-seat-choice/single-winner	PROVINCE/guangdong	flowers,horse-bird,response-choice,special-hu,wildcard	pre-seat-choice,single-winner,horse-bird-ledger,gang-ledger,wildcard-resolution	SOURCE_SIGNATURE_AVAILABLE	GDJYMJCalcPosEnd.java;GDJYMJRoomEnum.java;GDJYMJRoomSet.java;GDJYMJSetCard.java;GDJYMJSetOp.java;CGDJYMJCreateRoom.java;CGDJYMJ_CreateRoom.java;BaseCreateRoom.java;gdjymjChildCreateRoom.js	fangjian,fengDing,gaoji,guipai,jiangma,jiangmafen,jiesan,kexuanwanfa,maima,paymentRoomCardType,playerMinNum,playerNum,setCount,xianShi	0dfb486a01cfe05ffca9d240a0513cd4161becc6704b28ac6b3251e697751f9d
279	gnmj	mahjong:lai-zi	mahjong/standard-tiles/pre-seat-choice/single-winner	PROVINCE/jiangxi	flowers,response-choice,special-hu,wildcard	pre-seat-choice,single-winner,gang-ledger,wildcard-resolution	SOURCE_SIGNATURE_AVAILABLE	GNMJCalcPosEnd.java;GNMJRoomEnum.java;GNMJRoomSet.java;GNMJSetCard.java;GNMJSetOp.java;CGNMJCreateRoom.java;CGNMJ_CreateRoom.java;BaseCreateRoom.java;gnmjChildCreateRoom.js	fangjian,gaoji,jiesan,maima,paymentRoomCardType,playerMinNum,playerNum,setCount,wanfa,xianShi,zhuangjia	5abeaa326aaebd14b13d569b16b68803909decdbe0711ed618a7ee67a1afc312
280	xfgzmj	mahjong:standard	mahjong/standard-tiles/discard-response-window/multi-winner	PROVINCE/jiangxi	flowers,horse-bird,multi-hu,special-hu,wildcard	discard-response-window,multi-winner,horse-bird-ledger,gang-ledger,wildcard-resolution	SOURCE_SIGNATURE_AVAILABLE	XFGZMJCalcPosEnd.java;XFGZMJRoomEnum.java;XFGZMJRoomSet.java;XFGZMJSetCard.java;XFGZMJSetOp.java;CXFGZMJCreateRoom.java;CXFGZMJ_CreateRoom.java;BaseCreateRoom.java;xfgzmjChildCreateRoom.js	fangjian,fengpai,gaoji,jiesan,jingpai,kexuanwanfa,mafen,maima,paymentRoomCardType,playerMinNum,playerNum,setCount,xianShi,zhongmaguize	f18403dbae733d7f5c75d8b5ae41dcf5c556239684b461bff68285ba388330a9
281	jxndmj	mahjong:standard	mahjong/reduced-suits/discard-response-window/multi-winner	PROVINCE/jiangxi	flowers,horse-bird,multi-hu,wildcard	discard-response-window,multi-winner,horse-bird-ledger,wildcard-resolution	SOURCE_SIGNATURE_AVAILABLE	JXNDMJCalcPosEnd.java;JXNDMJRoomEnum.java;JXNDMJRoomSet.java;JXNDMJSetCard.java;JXNDMJSetOp.java;CJXNDMJCreateRoom.java;CJXNDMJ_CreateRoom.java;BaseCreateRoom.java;jxndmjChildCreateRoom.js	fangjian,gaoji,jiesan,kexuanwanfa,maima,mapai,paymentRoomCardType,playerMinNum,playerNum,setCount,xianShi	de5e627ea0e2445dbc2a93544105aeff4490370d0440dbc8e00b270106ebe1a5
284	rjmj	mahjong:lai-zi	mahjong/flower-extended/standard-round/single-winner	PROVINCE/jiangxi	flowers,special-hu,wildcard	standard-round,single-winner,gang-ledger,wildcard-resolution	SOURCE_SIGNATURE_AVAILABLE	RJMJCalcPosEnd.java;RJMJRoomEnum.java;RJMJRoomSet.java;RJMJSetCard.java;RJMJSetOp.java;CRJMJCreateRoom.java;CRJMJ_CreateRoom.java;BaseCreateRoom.java;rjmjChildCreateRoom.js	fangjian,gaoji,jiesan,kexuanwanfa,paymentRoomCardType,playerMinNum,playerNum,setCount,xianShi	8574913833fb5dfbf2a5e2fcd37dfe881f8367bb4ad68ae32dd92e4fe87d5d82
285	yddgmj	mahjong:lai-zi	mahjong/flower-extended/discard-response-window/multi-winner	PROVINCE/jiangxi	flowers,multi-hu,special-hu,wildcard	discard-response-window,multi-winner,gang-ledger,wildcard-resolution	SOURCE_SIGNATURE_AVAILABLE	YDDGMJCalcPosEnd.java;YDDGMJRoomEnum.java;YDDGMJRoomSet.java;YDDGMJSetCard.java;YDDGMJSetOp.java;CYDDGMJCreateRoom.java;CYDDGMJ_CreateRoom.java;BaseCreateRoom.java;yddgmjChildCreateRoom.js	fangjian,gaoji,jiesan,kexuanwanfa,paymentRoomCardType,playerMinNum,playerNum,setCount,xianShi	4de2c2ee5d9ab22f73aac4cf0d45674e7a3280a3842f02f08821524e34f56d0b
286	nkbhmj	mahjong:standard	mahjong/standard-tiles/pre-seat-choice/single-winner	PROVINCE/jiangxi	flowers,horse-bird,response-choice,special-hu,wildcard	pre-seat-choice,single-winner,horse-bird-ledger,gang-ledger,wildcard-resolution	SOURCE_SIGNATURE_AVAILABLE	NKBHMJCalcPosEnd.java;NKBHMJRoomEnum.java;NKBHMJRoomSet.java;NKBHMJSetCard.java;NKBHMJSetOp.java;CNKBHMJCreateRoom.java;CNKBHMJ_CreateRoom.java;BaseCreateRoom.java;nkbhmjChildCreateRoom.js	fangjian,gaoji,guipai,jiesan,kexuanwanfa,maima,paymentRoomCardType,playerMinNum,playerNum,setCount,xianShi,yongpai	09ba79e21be4a3db8c7a467bd1de75dd3b96b4e3ba6eaa2fcde2aa5e53ad7592
287	fcmj	mahjong:lai-zi	mahjong/flower-extended/standard-round/single-winner	PROVINCE/jiangxi	flowers,special-hu,wildcard	standard-round,single-winner,gang-ledger,wildcard-resolution	SOURCE_SIGNATURE_AVAILABLE	FCMJCalcPosEnd.java;FCMJRoomEnum.java;FCMJRoomSet.java;FCMJSetCard.java;FCMJSetOp.java;CFCMJCreateRoom.java;CFCMJ_CreateRoom.java;BaseCreateRoom.java;fcmjChildCreateRoom.js	fangjian,gaoji,jiesan,kexuanwanfa,paymentRoomCardType,playerMinNum,playerNum,qishouwufeng,setCount,wanfa,xianShi	a64fbac579999b640d109c3da08738b9891c005b5e2a985a487c0d93a469f831
288	dnmj	mahjong:standard	mahjong/standard-tiles/standard-round/single-winner	PROVINCE/jiangxi	flowers,horse-bird,special-hu,wildcard	standard-round,single-winner,horse-bird-ledger,gang-ledger,wildcard-resolution	SOURCE_SIGNATURE_AVAILABLE	DNMJCalcPosEnd.java;DNMJRoomEnum.java;DNMJRoomSet.java;DNMJSetCard.java;DNMJSetOp.java;CDNMJCreateRoom.java;CDNMJ_CreateRoom.java;BaseCreateRoom.java;dnmjChildCreateRoom.js	fangjian,gaoji,jiesan,kexuanwanfa,maima,paymentRoomCardType,playerMinNum,playerNum,setCount,wanfa,xianShi	3edeefb5af3300b72ddda7dfb87d2b4dc4c71bfcc30506a6ad74fca104ae811f
289	lnmj	mahjong:lai-zi	mahjong/flower-extended/standard-round/single-winner	PROVINCE/jiangxi	flowers,special-hu,wildcard	standard-round,single-winner,gang-ledger,wildcard-resolution	SOURCE_SIGNATURE_AVAILABLE	LNMJCalcPosEnd.java;LNMJRoomEnum.java;LNMJRoomSet.java;LNMJSetCard.java;LNMJSetOp.java;CLNMJCreateRoom.java;CLNMJ_CreateRoom.java;BaseCreateRoom.java;lnmjChildCreateRoom.js	fangjian,gaoji,jiesan,kexuanwanfa,maima,mashu,paymentRoomCardType,playerMinNum,playerNum,setCount,xianShi	f8589e402a869f23fa88bdbe2c169757538ad9659c9281deb93cb2ea58e2f237
290	scmj	mahjong:standard	mahjong/standard-tiles/discard-response-window/multi-winner	PROVINCE/jiangxi	flowers,multi-hu,wildcard	discard-response-window,multi-winner,wildcard-resolution	SOURCE_SIGNATURE_AVAILABLE	SCMJCalcPosEnd.java;SCMJRoomEnum.java;SCMJRoomSet.java;SCMJSetCard.java;SCMJSetOp.java;CSCMJCreateRoom.java;CSCMJ_CreateRoom.java;BaseCreateRoom.java;scmjChildCreateRoom.js	fangjian,gaoji,jiesan,kexuanwanfa,maima,paymentRoomCardType,playerMinNum,playerNum,setCount,wanfa,xianShi	7ec42fe59e6bfcc3f64d251cadf77268488e485a28747762e91a99fcacef3c89
292	fzjxmj	mahjong:standard	mahjong/reduced-suits/discard-response-window/multi-winner	PROVINCE/jiangxi	flowers,horse-bird,multi-hu,special-hu	discard-response-window,multi-winner,horse-bird-ledger,gang-ledger	SOURCE_SIGNATURE_AVAILABLE	FZJXMJCalcPosEnd.java;FZJXMJRoomEnum.java;FZJXMJRoomSet.java;FZJXMJSetCard.java;FZJXMJSetOp.java;CFZJXMJCreateRoom.java;CFZJXMJ_CreateRoom.java;BaseCreateRoom.java;fzjxmjChildCreateRoom.js	fangjian,gaoji,jiesan,kexuanwanfa,maima,paymentRoomCardType,playerMinNum,playerNum,setCount,xianShi	d6175fa99e755593a5f0d28380d87b5cd9baae7d17964924f6dbf8eb8e5390ce
293	fzgcmj	mahjong:lai-zi	mahjong/flower-extended/discard-response-window/multi-winner	PROVINCE/jiangxi	flowers,multi-hu,special-hu,wildcard	discard-response-window,multi-winner,gang-ledger,wildcard-resolution	SOURCE_SIGNATURE_AVAILABLE	FZGCMJCalcPosEnd.java;FZGCMJRoomEnum.java;FZGCMJRoomSet.java;FZGCMJSetCard.java;FZGCMJSetOp.java;CFZGCMJCreateRoom.java;CFZGCMJ_CreateRoom.java;BaseCreateRoom.java;fzgcmjChildCreateRoom.js	fangjian,gaoji,jiesan,kexuanwanfa,paymentRoomCardType,playerMinNum,playerNum,setCount,xianShi	3768c917b0c5166c7b2f883048bdd5f18b612b6a3526d44ed9c4ae7bb9195b8d
294	gcbgmj	mahjong:lai-zi	mahjong/flower-extended/discard-response-window/multi-winner	PROVINCE/jiangxi	flowers,multi-hu,special-hu,wildcard	discard-response-window,multi-winner,gang-ledger,wildcard-resolution	SOURCE_SIGNATURE_AVAILABLE	GCBGMJCalcPosEnd.java;GCBGMJRoomEnum.java;GCBGMJRoomSet.java;GCBGMJSetCard.java;GCBGMJSetOp.java;CGCBGMJCreateRoom.java;CGCBGMJ_CreateRoom.java;BaseCreateRoom.java;gcbgmjChildCreateRoom.js	daxiaoqidui,fangjian,gaoji,jiesan,kexuanwanfa,paymentRoomCardType,pinghu,playerMinNum,playerNum,setCount,xianShi,yipaoduoxiang	a457111029d4f84e3bcd2791db2f3bc34e2ba2cb3066a845aca32dd9686b14da
295	ytyjmj	mahjong:lai-zi	mahjong/standard-tiles/pre-seat-choice/single-winner	PROVINCE/jiangxi	flowers,response-choice,special-hu,wildcard	pre-seat-choice,single-winner,gang-ledger,wildcard-resolution	SOURCE_SIGNATURE_AVAILABLE	YTYJMJCalcPosEnd.java;YTYJMJRoomEnum.java;YTYJMJRoomSet.java;YTYJMJSetCard.java;YTYJMJSetOp.java;CYTYJMJCreateRoom.java;CYTYJMJ_CreateRoom.java;BaseCreateRoom.java;ytyjmjChildCreateRoom.js	fangjian,fengDing,gaoji,jiesan,kexuanwanfa,maima,paymentRoomCardType,playerMinNum,playerNum,setCount,wanfa,xianShi	7e920e691fdcaf6d979526725a95315d8f4b9c6e2e3c5c3afed3d3b601f6d7bd
296	xhzmj	mahjong:standard	mahjong/flower-extended/discard-response-window/multi-winner	NATIONAL	flowers,horse-bird,multi-hu,special-hu,wildcard	discard-response-window,multi-winner,horse-bird-ledger,wildcard-resolution	SOURCE_SIGNATURE_AVAILABLE	XHZMJCalcPosEnd.java;XHZMJRoomEnum.java;XHZMJRoomSet.java;XHZMJSetCard.java;XHZMJSetOp.java;CXHZMJCreateRoom.java;CXHZMJ_CreateRoom.java;BaseCreateRoom.java;xhzmjChildCreateRoom.js	fangjian,gaoji,jiesan,kexuanwanfa,niaofen,paymentRoomCardType,playerMinNum,playerNum,setCount,tuoguan,wanfa,xianShi,yipaoduoxiangzhuaniao,zhuaMas	65f9dc2cc1ab8286f62bcd98b8c9714140b33673b4a5ece84a514301041d49bf
297	qymj	mahjong:standard	mahjong/standard-tiles/pre-seat-choice/single-winner	PROVINCE/henan	flowers,response-choice,special-hu,wildcard	pre-seat-choice,single-winner,gang-ledger,wildcard-resolution	SOURCE_SIGNATURE_AVAILABLE	QYMJCalcPosEnd.java;QYMJRoomEnum.java;QYMJRoomSet.java;QYMJSetCard.java;QYMJSetOp.java;CQYMJCreateRoom.java;CQYMJ_CreateRoom.java;BaseCreateRoom.java;qymjChildCreateRoom.js	fangjian,gaoji,jiesan,kexuanwanfa,paymentRoomCardType,playerMinNum,playerNum,setCount,xianShi	a4bdf12b3f8fef18ed859bdada31159a33095f1f235449c1ad38e8eff3ce6265
298	lkmj	mahjong:standard	mahjong/standard-tiles/discard-response-window/multi-winner	PROVINCE/jiangxi	flowers,multi-hu,wildcard	discard-response-window,multi-winner,gang-ledger,wildcard-resolution	SOURCE_SIGNATURE_AVAILABLE	LKMJCalcPosEnd.java;LKMJRoomEnum.java;LKMJRoomSet.java;LKMJSetCard.java;LKMJSetOp.java;CLKMJCreateRoom.java;CLKMJ_CreateRoom.java;BaseCreateRoom.java;lkmjChildCreateRoom.js	fangjian,gaoji,jiesan,kexuanwanfa,paymentRoomCardType,playerMinNum,playerNum,setCount,xianShi	11538c052201b3b68bf35d2d13b16db344d5d4cdfdd2e6637cc08b038894976d
299	xxfqmj	mahjong:standard	mahjong/flower-extended/pre-seat-choice/single-winner	PROVINCE/jiangxi	flowers,piao-xiapao,response-choice,special-hu,wildcard	pre-seat-choice,single-winner,gang-ledger,wildcard-resolution	SOURCE_SIGNATURE_AVAILABLE	XXFQMJCalcPosEnd.java;XXFQMJRoomEnum.java;XXFQMJRoomSet.java;XXFQMJSetCard.java;XXFQMJSetOp.java;CXXFQMJCreateRoom.java;CXXFQMJ_CreateRoom.java;BaseCreateRoom.java;xxfqmjChildCreateRoom.js	fangjian,gaoji,gudingpao,hupai,jiesan,kexuanwanfa,paymentRoomCardType,playerMinNum,playerNum,setCount,xianShi,xiapao	5408f683a3bb54793857c33aa076355c0db8237e35d2fab0ba341333a51acb6f
300	jzmj	mahjong:standard	mahjong/flower-extended/pre-seat-choice/single-winner	PROVINCE/henan	flowers,piao-xiapao,response-choice,special-hu,wildcard	pre-seat-choice,single-winner,gang-ledger,wildcard-resolution	SOURCE_SIGNATURE_AVAILABLE	JZMJCalcPosEnd.java;JZMJRoomEnum.java;JZMJRoomSet.java;JZMJSetCard.java;JZMJSetOp.java;CJZMJCreateRoom.java;CJZMJ_CreateRoom.java;BaseCreateRoom.java;jzmjChildCreateRoom.js	fangjian,gaoji,jiesan,kexuanwanfa,paymentRoomCardType,playerMinNum,playerNum,setCount,xianShi,xiapao,zuigaopaoshu	80ac840cd4abd91237ee1aaf0e55df8c6b05d291004498052f4e7ecbda31c94e
301	lamj	mahjong:standard	mahjong/flower-extended/discard-response-window/multi-winner	PROVINCE/jiangxi	flowers,horse-bird,multi-hu,special-hu,wildcard	discard-response-window,multi-winner,horse-bird-ledger,gang-ledger,wildcard-resolution	SOURCE_SIGNATURE_AVAILABLE	LAMJCalcPosEnd.java;LAMJRoomEnum.java;LAMJRoomSet.java;LAMJSetCard.java;LAMJSetOp.java;CLAMJCreateRoom.java;CLAMJ_CreateRoom.java;BaseCreateRoom.java;lamjChildCreateRoom.js	fangjian,fengDing,gaoji,jiesan,kexuanwanfa,maima,paymentRoomCardType,playerMinNum,playerNum,setCount,xianShi	1bde3e629128b2a3d13832d6ebde104e22c38a8ffed7f3b7b3679105e6bb19f9
303	jmskmj	mahjong:lai-zi	mahjong/reduced-suits/standard-round/single-winner	PROVINCE/hubei	flowers,special-hu,wildcard	standard-round,single-winner,gang-ledger,wildcard-resolution	SOURCE_SIGNATURE_AVAILABLE	JMSKMJCalcPosEnd.java;JMSKMJRoomEnum.java;JMSKMJRoomSet.java;JMSKMJSetCard.java;JMSKMJSetOp.java;CJMSKMJCreateRoom.java;CJMSKMJ_CreateRoom.java;BaseCreateRoom.java;jmskmjChildCreateRoom.js	diFen,fangjian,gaoji,jiesan,paymentRoomCardType,playerMinNum,playerNum,setCount,wanfa,xianShi	8203de30c37d56efea1452a48c84e21cb8b6c59dd8cfc79594f48ed1eeec97a5
304	lygcmj	mahjong:standard	mahjong/reduced-suits/standard-round/single-winner	PROVINCE/henan	flowers,special-hu,wildcard	standard-round,single-winner,gang-ledger,wildcard-resolution	SOURCE_SIGNATURE_AVAILABLE	LYGCMJCalcPosEnd.java;LYGCMJRoomEnum.java;LYGCMJRoomSet.java;LYGCMJSetCard.java;LYGCMJSetOp.java;CLYGCMJCreateRoom.java;CLYGCMJ_CreateRoom.java;BaseCreateRoom.java;lygcmjChildCreateRoom.js	cidifen,difen,fangjian,gangdifen,gaoji,jiesan,kexuanwanfa,paymentRoomCardType,playerMinNum,playerNum,setCount,xianShi	44ad5dba3d7fe1ec81e26f5cfe2f31288e5d47405c20de393c7b93e2dd7221e1
307	bztdh	mahjong:standard	mahjong/standard-tiles/pre-seat-choice/multi-winner	PROVINCE/anhui	flowers,multi-hu,piao-xiapao,response-choice,special-hu	pre-seat-choice,multi-winner,gang-ledger	SOURCE_SIGNATURE_AVAILABLE	BZTDHCalcPosEnd.java;BZTDHRoomEnum.java;BZTDHRoomSet.java;BZTDHSetCard.java;BZTDHSetOp.java;CBZTDHCreateRoom.java;CBZTDH_CreateRoom.java;BaseCreateRoom.java;bztdhChildCreateRoom.js	fangjian,gaoji,jiesan,kexuanwanfa,paymentRoomCardType,playerMinNum,playerNum,setCount,xianShi,zhangzhuang	3cdafdeffda2d21ba525306bacd82dc6a718387e3a1418f64620ab257e209ea7
308	mzmj	mahjong:standard	mahjong/flower-extended/pre-seat-choice/single-winner	PROVINCE/henan	flowers,piao-xiapao,response-choice,special-hu,wildcard	pre-seat-choice,single-winner,gang-ledger,wildcard-resolution	SOURCE_SIGNATURE_AVAILABLE	MZMJCalcPosEnd.java;MZMJRoomEnum.java;MZMJRoomSet.java;MZMJSetCard.java;MZMJSetOp.java;CMZMJCreateRoom.java;CMZMJ_CreateRoom.java;BaseCreateRoom.java;mzmjChildCreateRoom.js	fangjian,gaoji,jiesan,kexuanwanfa,paymentRoomCardType,playerMinNum,playerNum,setCount,wanfa,xianShi,xiapao,zuigaopaoshu	0d24cf22f32e2633fc38d38e156fc31531a589f0a4df43478ac463bb4924a3c0
311	xyxmj	mahjong:standard	mahjong/flower-extended/pre-seat-choice/multi-winner	PROVINCE/fujian	flowers,multi-hu,piao-xiapao,response-choice,special-hu,wildcard	pre-seat-choice,multi-winner,wildcard-resolution	SOURCE_SIGNATURE_AVAILABLE	XYXMJCalcPosEnd.java;XYXMJRoomEnum.java;XYXMJRoomSet.java;XYXMJSetCard.java;XYXMJSetOp.java;CXYXMJCreateRoom.java;CXYXMJ_CreateRoom.java;BaseCreateRoom.java;xyxmjChildCreateRoom.js	fangjian,gaoji,jiesan,kexuanwanfa,paymentRoomCardType,playerMinNum,playerNum,setCount,xianShi	48d58c52a76927221c4a146b81ab205b57caafab6f829c744caf1a0a1b23148d
312	dxbjmj	mahjong:standard	mahjong/standard-tiles/standard-round/single-winner	PROVINCE/jiangxi	flowers,special-hu,wildcard	standard-round,single-winner,wildcard-resolution	SOURCE_SIGNATURE_AVAILABLE	DXBJMJCalcPosEnd.java;DXBJMJRoomEnum.java;DXBJMJRoomSet.java;DXBJMJSetCard.java;DXBJMJSetOp.java;CDXBJMJCreateRoom.java;CDXBJMJ_CreateRoom.java;BaseCreateRoom.java;dxbjmjChildCreateRoom.js	fangjian,gaoji,jiesan,kexuanwanfa,paymentRoomCardType,playerMinNum,playerNum,setCount,xianShi	f7b096d244c00fd374c99da0e7076594f6cd611236b62a5c366cfca05c370c68
313	gxmj	mahjong:lai-zi	mahjong/flower-extended/discard-response-window/multi-winner	PROVINCE/jiangxi	flowers,multi-hu,special-hu,wildcard	discard-response-window,multi-winner,gang-ledger,wildcard-resolution	SOURCE_SIGNATURE_AVAILABLE	GXMJCalcPosEnd.java;GXMJRoomEnum.java;GXMJRoomSet.java;GXMJSetCard.java;GXMJSetOp.java;GXMJHuUtil.java;CGXMJCreateRoom.java;CGXMJ_CreateRoom.java;BaseCreateRoom.java;gxmjChildCreateRoom.js	daimo,fangjian,fengDing,gaoji,jiesan,kexuanwanfa,paymentRoomCardType,playerMinNum,playerNum,setCount,xianShi	e910897acfff052c83f938b4aeb25d22cc5a85ad385a3ef2da9fb17c686bb61d
314	txmj	mahjong:standard	mahjong/standard-tiles/pre-seat-choice/single-winner	PROVINCE/henan	flowers,piao-xiapao,response-choice,special-hu,wildcard	pre-seat-choice,single-winner,gang-ledger,wildcard-resolution	SOURCE_SIGNATURE_AVAILABLE	TXMJCalcPosEnd.java;TXMJRoomEnum.java;TXMJRoomSet.java;TXMJSetCard.java;TXMJSetOp.java;CTXMJCreateRoom.java;CTXMJ_CreateRoom.java;BaseCreateRoom.java;txmjChildCreateRoom.js	baoting,fangjian,fengpai,gaoji,gudingpao,hupai,jiafen,jiesan,kexuanwanfa,paymentRoomCardType,playerMinNum,playerNum,setCount,xianShi,xiapao	c93285c216927161949fda8ec6c70fd6709724f04547343d7d52629a8e321089
315	sxmmj	mahjong:standard	mahjong/reduced-suits/pre-seat-choice/single-winner	PROVINCE/henan	flowers,piao-xiapao,response-choice,special-hu,wildcard	pre-seat-choice,single-winner,gang-ledger,wildcard-resolution	SOURCE_SIGNATURE_AVAILABLE	SXMMJCalcPosEnd.java;SXMMJRoomEnum.java;SXMMJRoomSet.java;SXMMJSetCard.java;SXMMJSetOp.java;CSXMMJCreateRoom.java;CSXMMJ_CreateRoom.java;BaseCreateRoom.java;sxmmjChildCreateRoom.js	fangjian,fengDing,gaoji,jiesan,kexuanwanfa,paymentRoomCardType,playerMinNum,playerNum,setCount,wanfa,xianShi	69255f94941badb0fea78a895e58262d00e5e4d511ab2d2a5c86e7220f390951
316	zklymj	mahjong:standard	mahjong/flower-extended/pre-seat-choice/single-winner	PROVINCE/henan	flowers,piao-xiapao,response-choice,wildcard	pre-seat-choice,single-winner,gang-ledger,wildcard-resolution	SOURCE_SIGNATURE_AVAILABLE	ZKLYMJCalcPosEnd.java;ZKLYMJRoomEnum.java;ZKLYMJRoomSet.java;ZKLYMJSetCard.java;ZKLYMJSetOp.java;CZKLYMJCreateRoom.java;CZKLYMJ_CreateRoom.java;BaseCreateRoom.java;zklymjChildCreateRoom.js	fangjian,gaoji,jiesan,kexuanwanfa,paymentRoomCardType,playerMinNum,playerNum,setCount,xianShi	ffd7093352584613ae63b58a6c37131826927d4c39d1a5f3bc1e193a72b6ac84
318	zmdmj	mahjong:lai-zi	mahjong/flower-extended/pre-seat-choice/single-winner	PROVINCE/henan	flowers,piao-xiapao,special-hu,wildcard	pre-seat-choice,single-winner,gang-ledger,wildcard-resolution	SOURCE_SIGNATURE_AVAILABLE	ZMDMJCalcPosEnd.java;ZMDMJRoomEnum.java;ZMDMJRoomSet.java;ZMDMJSetCard.java;ZMDMJSetOp.java;CZMDMJCreateRoom.java;CZMDMJ_CreateRoom.java;BaseCreateRoom.java;zmdmjChildCreateRoom.js	fanbei,fangjian,fengpai,gaoji,hufa,hunpai,jiesan,paymentRoomCardType,playerMinNum,playerNum,setCount,xianShi,xiapao	51d219d8025c425f86100aae78d90317720700c1f93a8333ef49f7da2f069924
320	xyscmj	mahjong:standard	mahjong/standard-tiles/pre-seat-choice/single-winner	PROVINCE/henan	flowers,piao-xiapao,response-choice,special-hu,wildcard	pre-seat-choice,single-winner,gang-ledger,wildcard-resolution	SOURCE_SIGNATURE_AVAILABLE	XYSCMJCalcPosEnd.java;XYSCMJRoomEnum.java;XYSCMJRoomSet.java;XYSCMJSetCard.java;XYSCMJSetOp.java;CXYSCMJCreateRoom.java;CXYSCMJ_CreateRoom.java;BaseCreateRoom.java;xyscmjChildCreateRoom.js	difen,fangjian,gaoji,jiesan,kexuanwanfa,paymentRoomCardType,playerMinNum,playerNum,qidui,setCount,wanfa,xianShi	7eac5bb6eb1d2761b9b80c948b8332ec0741048a53e8b6cdc5815e4cb073fbc6
321	zxmj	mahjong:lai-zi	mahjong/flower-extended/pre-seat-choice/single-winner	PROVINCE/hubei	flowers,piao-xiapao,wildcard	pre-seat-choice,single-winner,gang-ledger,wildcard-resolution	SOURCE_SIGNATURE_AVAILABLE	ZXMJCalcPosEnd.java;ZXMJRoomEnum.java;ZXMJRoomSet.java;ZXMJSetCard.java;ZXMJSetOp.java;CZXMJCreateRoom.java;CZXMJ_CreateRoom.java;BaseCreateRoom.java;zxmjChildCreateRoom.js	difen,fangjian,gaoji,jiesan,kexuanwanfa,laizi,paymentRoomCardType,playerMinNum,playerNum,setCount,xianShi,xuanpiao	4d81bff3cd40b9280641f9446add53672af211b7a033ebd1942816d5c627cdba
322	gsmj	mahjong:standard	mahjong/standard-tiles/pre-seat-choice/single-winner	PROVINCE/henan	flowers,piao-xiapao,response-choice,special-hu,wildcard	pre-seat-choice,single-winner,wildcard-resolution	SOURCE_SIGNATURE_AVAILABLE	GSMJCalcPosEnd.java;GSMJRoomEnum.java;GSMJRoomSet.java;GSMJSetCard.java;GSMJSetOp.java;CGSMJCreateRoom.java;CGSMJ_CreateRoom.java;BaseCreateRoom.java;gsmjChildCreateRoom.js	difen,fangjian,gaoji,jiesan,kexuanwanfa,paymentRoomCardType,playerMinNum,playerNum,qidui,setCount,xianShi	10df47f11699e2d03e4ce794feb0d631cc2301c427c4c62e569ba89b7b58ed82
323	xygsmj	mahjong:standard	mahjong/standard-tiles/pre-seat-choice/single-winner	PROVINCE/henan	flowers,piao-xiapao,response-choice,special-hu,wildcard,xuezhan	pre-seat-choice,single-winner,wildcard-resolution	SOURCE_SIGNATURE_AVAILABLE	XYGSMJCalcPosEnd.java;XYGSMJRoomEnum.java;XYGSMJRoomSet.java;XYGSMJSetCard.java;XYGSMJSetOp.java;CXYGSMJCreateRoom.java;CXYGSMJ_CreateRoom.java;BaseCreateRoom.java;xygsmjChildCreateRoom.js	difen,fangjian,fengpai,gaoji,hupai,jiesan,kexuanwanfa,liuju,paymentRoomCardType,playerMinNum,playerNum,sanfeng,setCount,xianShi	0ea7834898660379fda521bc043462b2abb7158f23c74951e5fe6973c1c831b7
324	pdsyxmj	mahjong:standard	mahjong/standard-tiles/pre-seat-choice/single-winner	PROVINCE/henan	flowers,response-choice,wildcard	pre-seat-choice,single-winner,gang-ledger,wildcard-resolution	SOURCE_SIGNATURE_AVAILABLE	PDSYXMJCalcPosEnd.java;PDSYXMJRoomEnum.java;PDSYXMJRoomSet.java;PDSYXMJSetCard.java;PDSYXMJSetOp.java;CPDSYXMJCreateRoom.java;CPDSYXMJ_CreateRoom.java;BaseCreateRoom.java;pdsyxmjChildCreateRoom.js	difen,fangjian,gaoji,jiesan,paymentRoomCardType,playerMinNum,playerNum,setCount,xianShi	fad5db4c8bb4b3643b2450bdcd32a8731c44fb6b9f16cc25a40d5fb530503b86
325	dzsjzmj	mahjong:standard	mahjong/standard-tiles/pre-seat-choice/single-winner	PROVINCE/henan	flowers,piao-xiapao,response-choice,wildcard	pre-seat-choice,single-winner,wildcard-resolution	SOURCE_SIGNATURE_AVAILABLE	DZSJZMJCalcPosEnd.java;DZSJZMJRoomEnum.java;DZSJZMJRoomSet.java;DZSJZMJSetCard.java;DZSJZMJSetOp.java;CDZSJZMJCreateRoom.java;CDZSJZMJ_CreateRoom.java;BaseCreateRoom.java;dzsjzmjChildCreateRoom.js	fangjian,gaoji,jiesan,kexuanwanfa,paymentRoomCardType,playerMinNum,playerNum,setCount,wanfa,xianShi	f454f6cd0320ee992a38022dedd525fd1be4d332e828ea7f579106cb5efee966
328	nzmj	mahjong:standard	mahjong/reduced-suits/discard-response-window/multi-winner	PROVINCE/henan	flowers,multi-hu,wildcard	discard-response-window,multi-winner,wildcard-resolution	SOURCE_SIGNATURE_AVAILABLE	NZMJCalcPosEnd.java;NZMJRoomEnum.java;NZMJRoomSet.java;NZMJSetCard.java;NZMJSetOp.java;CNZMJCreateRoom.java;CNZMJ_CreateRoom.java;BaseCreateRoom.java;nzmjChildCreateRoom.js	fangjian,gaoji,jiesan,kexuanwanfa,paymentRoomCardType,playerMinNum,playerNum,setCount,xianShi	312c37f71ecea9069af0b3189f360ccefef0b5209cdfb006d8ace93919577600
330	wgfhmj	mahjong:standard	mahjong/standard-tiles/pre-seat-choice/single-winner	PROVINCE/henan	flowers,piao-xiapao,response-choice,special-hu,wildcard	pre-seat-choice,single-winner,gang-ledger,wildcard-resolution	SOURCE_SIGNATURE_AVAILABLE	WGFHMJCalcPosEnd.java;WGFHMJRoomEnum.java;WGFHMJRoomSet.java;WGFHMJSetCard.java;WGFHMJSetOp.java;CWGFHMJCreateRoom.java;CWGFHMJ_CreateRoom.java;BaseCreateRoom.java;wgfhmjChildCreateRoom.js	fangjian,gaoji,jiesan,kexuanwanfa,paymentRoomCardType,playerMinNum,playerNum,setCount,xianShi	bdeee766be3304ccfe4c4d6f19eedf964e1159ab7c19bc9b48a0c786a3c19efb
331	xyxxmj	mahjong:lai-zi	mahjong/flower-extended/pre-seat-choice/multi-winner	PROVINCE/henan	flowers,multi-hu,piao-xiapao,special-hu,wildcard	pre-seat-choice,multi-winner,gang-ledger,wildcard-resolution	SOURCE_SIGNATURE_AVAILABLE	XYXXMJCalcPosEnd.java;XYXXMJRoomEnum.java;XYXXMJRoomSet.java;XYXXMJSetCard.java;XYXXMJSetOp.java;XYXXMJHuUtil.java;CXYXXMJCreateRoom.java;CXYXXMJ_CreateRoom.java;BaseCreateRoom.java;xyxxmjChildCreateRoom.js	difen,fangjian,fengpai,gaoji,hufa,jiesan,kexuanwanfa,paymentRoomCardType,playerMinNum,playerNum,setCount,xianShi,zui258	5fe2d6466252eda2849f1b32efd4bad9c3ddc351fd27286ef3c59edc28cfc166
333	xxtdhmj	mahjong:standard	mahjong/standard-tiles/pre-seat-choice/single-winner	PROVINCE/henan	flowers,piao-xiapao,response-choice,special-hu,wildcard	pre-seat-choice,single-winner,gang-ledger,wildcard-resolution	SOURCE_SIGNATURE_AVAILABLE	XXTDHMJCalcPosEnd.java;XXTDHMJRoomEnum.java;XXTDHMJRoomSet.java;XXTDHMJSetCard.java;XXTDHMJSetOp.java;CXXTDHMJCreateRoom.java;CXXTDHMJ_CreateRoom.java;BaseCreateRoom.java;xxtdhmjChildCreateRoom.js	difen,fangjian,fengpai,gaoji,hupai,jiesan,kexuanwanfa,paymentRoomCardType,piaofen,playerMinNum,playerNum,setCount,xianShi,zhuangjia	43fbc6eda25e4a806e9b09a97b83fd52291d0333a7b599e1a1e3531b6943e88f
335	rgjamj	mahjong:xue-zhan	mahjong/flower-extended/pre-seat-choice/single-winner	PROVINCE/sichuan	flowers,piao-xiapao,response-choice,special-hu,wildcard	pre-seat-choice,single-winner,wildcard-resolution	SOURCE_SIGNATURE_AVAILABLE	RGJAMJCalcPosEnd.java;RGJAMJRoomEnum.java;RGJAMJRoomSet.java;RGJAMJSetCard.java;RGJAMJSetOp.java;CRGJAMJCreateRoom.java;CRGJAMJ_CreateRoom.java;BaseCreateRoom.java	""	6b2a988683a91b63feccef9485c7559140523f846a2c107a5dfa70bf2a44a140
337	nythmj	mahjong:standard	mahjong/standard-tiles/pre-seat-choice/multi-winner	PROVINCE/henan	flowers,multi-hu,piao-xiapao,response-choice,wildcard	pre-seat-choice,multi-winner,wildcard-resolution	SOURCE_SIGNATURE_AVAILABLE	NYTHMJCalcPosEnd.java;NYTHMJRoomEnum.java;NYTHMJRoomSet.java;NYTHMJSetCard.java;NYTHMJSetOp.java;CNYTHMJCreateRoom.java;CNYTHMJ_CreateRoom.java;BaseCreateRoom.java;nythmjChildCreateRoom.js	difen,fangjian,gaoji,hufa,jiesan,kexuanwanfa,paymentRoomCardType,piaofen,playerMinNum,playerNum,setCount,xianShi	ceab46db44c4f59f0c84ca3fe3d461da4d6c4edef0bf6727c588f6c3f4f54ff0
339	sspmj	mahjong:standard	mahjong/flower-extended/pre-seat-choice/multi-winner	PROVINCE/fujian	flowers,multi-hu,piao-xiapao,response-choice,special-hu,wildcard	pre-seat-choice,multi-winner,wildcard-resolution	SOURCE_SIGNATURE_AVAILABLE	SSPMJCalcPosEnd.java;SSPMJRoomEnum.java;SSPMJRoomSet.java;SSPMJSetCard.java;SSPMJSetOp.java;CSSPMJCreateRoom.java;CSSPMJ_CreateRoom.java;BaseCreateRoom.java;sspmjChildCreateRoom.js	fangjian,gaoji,jiesan,kexuanwanfa,paymentRoomCardType,playerMinNum,playerNum,setCount,xianShi	20df032d6d65144664d4a124c52b9f99f9f072be2ff251e1bae438d05b2933a9
340	glqzmj	mahjong:standard	mahjong/standard-tiles/discard-response-window/multi-winner	PROVINCE/guangxi	flowers,multi-hu,special-hu,wildcard	discard-response-window,multi-winner,gang-ledger,wildcard-resolution	SOURCE_SIGNATURE_AVAILABLE	GLQZMJCalcPosEnd.java;GLQZMJRoomEnum.java;GLQZMJRoomSet.java;GLQZMJSetCard.java;GLQZMJSetOp.java;CGLQZMJCreateRoom.java;CGLQZMJ_CreateRoom.java;BaseCreateRoom.java;glqzmjChildCreateRoom.js	fangjian,fanxing,gaoji,jiesan,kexuanwanfa,paymentRoomCardType,playerMinNum,playerNum,setCount,xianShi	7ae4c8a0fc8518a36c81cec7f45ab3d270665ccf6ab8b0c913d71401537652b7
341	xyhcmj	mahjong:lai-zi	mahjong/flower-extended/pre-seat-choice/multi-winner	PROVINCE/henan	flowers,multi-hu,piao-xiapao,special-hu,wildcard	pre-seat-choice,multi-winner,gang-ledger,wildcard-resolution	SOURCE_SIGNATURE_AVAILABLE	XYHCMJCalcPosEnd.java;XYHCMJRoomEnum.java;XYHCMJRoomSet.java;XYHCMJSetCard.java;XYHCMJSetOp.java;XYHCMJHuUtil.java;CXYHCMJCreateRoom.java;CXYHCMJ_CreateRoom.java;BaseCreateRoom.java;xyhcmjChildCreateRoom.js	dianpao,difen,fangjian,fengDing,gaoji,jiesan,kexuanwanfa,paymentRoomCardType,playerMinNum,playerNum,setCount,shuangzui,xianShi,zhuangjia,zimo	512a1289da9fbddefd3c6516832a0904e733a6bc441784d13c55d0e5cf108b73
343	gft258mj	mahjong:standard	mahjong/standard-tiles/discard-response-window/multi-winner	PROVINCE/henan	flowers,multi-hu,wildcard	discard-response-window,multi-winner,gang-ledger,wildcard-resolution	SOURCE_SIGNATURE_AVAILABLE	GFT258MJCalcPosEnd.java;GFT258MJRoomEnum.java;GFT258MJRoomSet.java;GFT258MJSetCard.java;GFT258MJSetOp.java;CGFT258MJCreateRoom.java;CGFT258MJ_CreateRoom.java;BaseCreateRoom.java;gft258mjChildCreateRoom.js	fangjian,fengDing,gaoji,jiesan,kexuanwanfa,paymentRoomCardType,playerMinNum,playerNum,setCount,xianShi	cb682e3b21c88cbe10f3761cc886def4f3ebcd18ef372710a5c7d482564ea1b5
345	yymj	mahjong:standard	mahjong/standard-tiles/pre-seat-choice/single-winner	PROVINCE/hunan	flowers,horse-bird,response-choice,special-hu,wildcard	pre-seat-choice,single-winner,horse-bird-ledger,gang-ledger,wildcard-resolution	SOURCE_SIGNATURE_AVAILABLE	YYMJCalcPosEnd.java;YYMJRoomEnum.java;YYMJRoomSet.java;YYMJSetCard.java;YYMJSetOp.java;CYYMJCreateRoom.java;CYYMJ_CreateRoom.java;BaseCreateRoom.java;yymjChildCreateRoom.js	fangjian,fengDing,gaoji,jiesan,kexuanwanfa,paymentRoomCardType,playerMinNum,playerNum,setCount,xianShi,yiziqiaoxi,zhuaniao	38433f50952ed7154e1f1df64731547f4aa976aa8a5eae37ca3d010dffd557ee
348	fctdhmj	mahjong:standard	mahjong/standard-tiles/pre-seat-choice/single-winner	PROVINCE/henan	flowers,piao-xiapao,response-choice,special-hu,wildcard	pre-seat-choice,single-winner,gang-ledger,wildcard-resolution	SOURCE_SIGNATURE_AVAILABLE	FCTDHMJCalcPosEnd.java;FCTDHMJRoomEnum.java;FCTDHMJRoomSet.java;FCTDHMJSetCard.java;FCTDHMJSetOp.java;CFCTDHMJCreateRoom.java;CFCTDHMJ_CreateRoom.java;BaseCreateRoom.java;fctdhmjChildCreateRoom.js	fangjian,fengDing,gangpaidefen,gaoji,hunzipai,jiesan,kexuanwanfa,paymentRoomCardType,piaogang,playerMinNum,playerNum,setCount,xianShi	f2921a38759dc19a8b21dd171b3b42a650433d3c2cc284bdb73656b01ad2ee5d
350	xtlhmj	mahjong:lai-zi	mahjong/reduced-suits/pre-seat-choice/multi-winner	PROVINCE/hubei	flowers,multi-hu,piao-xiapao,special-hu,wildcard	pre-seat-choice,multi-winner,gang-ledger,wildcard-resolution	SOURCE_SIGNATURE_AVAILABLE	XTLHMJCalcPosEnd.java;XTLHMJRoomEnum.java;XTLHMJRoomSet.java;XTLHMJSetCard.java;XTLHMJSetOp.java;XTLHMJHuUtil.java;CXTLHMJCreateRoom.java;CXTLHMJ_CreateRoom.java;BaseCreateRoom.java;xtlhmjChildCreateRoom.js	fangjian,fengDing,gaoji,jiesan,kexuanwanfa,laiziwanfa,paymentRoomCardType,playerMinNum,playerNum,setCount,suopai,xianShi	d4ea797e88ad7358dbd37b650a4efe2a5a2e8089049e176953f315d63f7b0fea
351	yhmj	mahjong:standard	mahjong/standard-tiles/pre-seat-choice/single-winner	PROVINCE/jiangxi	flowers,horse-bird,response-choice,special-hu,wildcard	pre-seat-choice,single-winner,horse-bird-ledger,gang-ledger,wildcard-resolution	SOURCE_SIGNATURE_AVAILABLE	YHMJCalcPosEnd.java;YHMJRoomEnum.java;YHMJRoomSet.java;YHMJSetCard.java;YHMJSetOp.java;CYHMJCreateRoom.java;CYHMJ_CreateRoom.java;BaseCreateRoom.java;yhmjChildCreateRoom.js	bangyipao,dihu,fangjian,fengDing,gaoji,hupai,jiesan,kexuanwanfa,maima,mapai,paymentRoomCardType,playerMinNum,playerNum,setCount,shaozhuang,xianShi,yougangyouhu	96f564aece45d5d9e282d0ec47dd1405e430186386db784dbd493b10d3080d15
352	hzjdmj	mahjong:standard	mahjong/standard-tiles/standard-round/single-winner	PROVINCE/zhejiang	flowers,special-hu,wildcard	standard-round,single-winner,wildcard-resolution	SOURCE_SIGNATURE_AVAILABLE	HZJDMJCalcPosEnd.java;HZJDMJRoomEnum.java;HZJDMJRoomSet.java;HZJDMJSetCard.java;HZJDMJSetOp.java;CHZJDMJCreateRoom.java;CHZJDMJ_CreateRoom.java;BaseCreateRoom.java;hzjdmjChildCreateRoom.js	errenkexuan,fangjian,fengDing,gaoji,jiesan,kexuanwanfa,paymentRoomCardType,playerMinNum,playerNum,setCount,xianShi	79ecdeb4af5cf89a2000fa05ca8fcfcbec73ca13bde77ad8ce30b7f202dfc22f
353	xsmj	mahjong:lai-zi	mahjong/flower-extended/pre-seat-choice/multi-winner	PROVINCE/zhejiang	flowers,multi-hu,piao-xiapao,special-hu,wildcard	pre-seat-choice,multi-winner,gang-ledger,wildcard-resolution	SOURCE_SIGNATURE_AVAILABLE	XSMJCalcPosEnd.java;XSMJRoomEnum.java;XSMJRoomSet.java;XSMJSetCard.java;XSMJSetOp.java;XSMJHuUtil.java;CXSMJCreateRoom.java;CXSMJ_CreateRoom.java;BaseCreateRoom.java;xsmjChildCreateRoom.js	fangjian,fengDing,gaoji,jiesan,kexuanwanfa,paymentRoomCardType,piaocai,playerMinNum,playerNum,setCount,shangzhuang,tuodi,xianShi	9f43e31812241646df4b3c82b4801045c4f215b8172b627c3c9f174bdb4c19e3
354	tjmj	mahjong:lai-zi	mahjong/standard-tiles/pre-seat-choice/single-winner	PROVINCE/hunan	flowers,horse-bird,response-choice,special-hu,wildcard	pre-seat-choice,single-winner,horse-bird-ledger,gang-ledger,wildcard-resolution	SOURCE_SIGNATURE_AVAILABLE	TJMJCalcPosEnd.java;TJMJRoomEnum.java;TJMJRoomSet.java;TJMJSetCard.java;TJMJSetOp.java;CTJMJCreateRoom.java;CTJMJ_CreateRoom.java;BaseCreateRoom.java;tjmjChildCreateRoom.js	angang,baoting,fangjian,gaoji,jiesan,kaigang,paymentRoomCardType,playerMinNum,playerNum,setCount,wanfa,xianShi,zhuaniao	8449a01b11fc69716087ee5c10604d48d3bbdd9c002c4eff1cc50360e5cd8567
355	qjfxjmj	mahjong:standard	mahjong/standard-tiles/standard-round/single-winner	PROVINCE/zhejiang	flowers,wildcard	standard-round,single-winner,wildcard-resolution	SOURCE_SIGNATURE_AVAILABLE	QJFXJMJCalcPosEnd.java;QJFXJMJRoomEnum.java;QJFXJMJRoomSet.java;QJFXJMJSetCard.java;QJFXJMJSetOp.java;CQJFXJMJCreateRoom.java;CQJFXJMJ_CreateRoom.java;BaseCreateRoom.java;qjfxjmjChildCreateRoom.js	fangjian,gaoji,jiesan,lanpai,paymentRoomCardType,playerMinNum,playerNum,setCount,xianShi	537314bc762fd119311f874d2a70cfbdcb424450c09b12da888eac8e2f509664
356	hnyjmj	mahjong:lai-zi	mahjong/reduced-suits/pre-seat-choice/multi-winner	PROVINCE/hunan	flowers,horse-bird,multi-hu,piao-xiapao,special-hu,wildcard	pre-seat-choice,multi-winner,horse-bird-ledger,gang-ledger,wildcard-resolution	SOURCE_SIGNATURE_AVAILABLE	HNYJMJCalcPosEnd.java;HNYJMJRoomEnum.java;HNYJMJRoomSet.java;HNYJMJSetCard.java;HNYJMJSetOp.java;HNYJMJHuUtil.java;CHNYJMJCreateRoom.java;CHNYJMJ_CreateRoom.java;BaseCreateRoom.java;hnyjmjChildCreateRoom.js	fangjian,fengDing,gaoji,jiesan,kexuanwanfa,paymentRoomCardType,playerMinNum,playerNum,setCount,xianShi,zhuaniao	08f7c6a05d01ecdad018453b9478d720531c7362eeb5acbc1afc3bbf849d6341
357	yjnxmj	mahjong:standard	mahjong/standard-tiles/pre-seat-choice/single-winner	PROVINCE/hunan	flowers,horse-bird,response-choice,special-hu,wildcard	pre-seat-choice,single-winner,horse-bird-ledger,gang-ledger,wildcard-resolution	SOURCE_SIGNATURE_AVAILABLE	YJNXMJCalcPosEnd.java;YJNXMJRoomEnum.java;YJNXMJRoomSet.java;YJNXMJSetCard.java;YJNXMJSetOp.java;CYJNXMJCreateRoom.java;CYJNXMJ_CreateRoom.java;BaseCreateRoom.java;yjnxmjChildCreateRoom.js	fangjian,fengDing,gaoji,jiesan,kexuanwanfa,paymentRoomCardType,playerMinNum,playerNum,setCount,xianShi,zhuaniao	40ac5334be8ee2f3364616ede9444f82cdb9862e23d778db8d78d22a279c6242
358	sdjnmj	mahjong:standard	mahjong/flower-extended/standard-round/single-winner	PROVINCE/shandong	flowers,special-hu,wildcard	standard-round,single-winner,wildcard-resolution	SOURCE_SIGNATURE_AVAILABLE	SDJNMJCalcPosEnd.java;SDJNMJRoomEnum.java;SDJNMJRoomSet.java;SDJNMJSetCard.java;SDJNMJSetOp.java;CSDJNMJCreateRoom.java;CSDJNMJ_CreateRoom.java;BaseCreateRoom.java;sdjnmjChildCreateRoom.js	fangjian,gaoji,jiesan,kexuanwanfa,paixingfan,paymentRoomCardType,playerMinNum,playerNum,setCount,xianShi	2454a5408fce8ca79085df5151464f128cc7f1cb00b49d6e003a204bd4e190ba
359	hnsymj	mahjong:lai-zi	mahjong/reduced-suits/pre-seat-choice/multi-winner	PROVINCE/hunan	flowers,multi-hu,piao-xiapao,special-hu,wildcard	pre-seat-choice,multi-winner,gang-ledger,wildcard-resolution	SOURCE_SIGNATURE_AVAILABLE	HNSYMJCalcPosEnd.java;HNSYMJRoomEnum.java;HNSYMJRoomSet.java;HNSYMJSetCard.java;HNSYMJSetOp.java;CHNSYMJCreateRoom.java;CHNSYMJ_CreateRoom.java;BaseCreateRoom.java;hnsymjChildCreateRoom.js	fangjian,gaoji,jiesan,kechui,kexuanwanfa,paymentRoomCardType,playerMinNum,playerNum,setCount,xianShi	78166cade9065f9f6b64bfd30041eda94ca6ffb7403a75b82babe62976164840
360	gslzmj	mahjong:standard	mahjong/standard-tiles/pre-seat-choice/single-winner	PROVINCE/gansu	flowers,response-choice,wildcard	pre-seat-choice,single-winner,gang-ledger,wildcard-resolution	SOURCE_SIGNATURE_AVAILABLE	GSLZMJCalcPosEnd.java;GSLZMJRoomEnum.java;GSLZMJRoomSet.java;GSLZMJSetCard.java;GSLZMJSetOp.java;CGSLZMJCreateRoom.java;CGSLZMJ_CreateRoom.java;BaseCreateRoom.java;gslzmjChildCreateRoom.js	fangjian,gangpai,gaoji,jiesan,kexuanwanfa,moshi,paymentRoomCardType,playerMinNum,playerNum,setCount,shuaipai,xianShi	c9d70a59fb5d7d53f4ed0cd47489ed8dbdd96a1b3c4312b62312ec9a73780129
361	xnmj	mahjong:lai-zi	mahjong/reduced-suits/pre-seat-choice/multi-winner	PROVINCE/hunan	flowers,horse-bird,multi-hu,piao-xiapao,response-choice,special-hu,wildcard	pre-seat-choice,multi-winner,horse-bird-ledger,gang-ledger,wildcard-resolution	SOURCE_SIGNATURE_AVAILABLE	XNMJCalcPosEnd.java;XNMJRoomEnum.java;XNMJRoomSet.java;XNMJSetCard.java;XNMJSetOp.java;XNMJHuUtil.java;CXNMJCreateRoom.java;CXNMJ_CreateRoom.java;BaseCreateRoom.java;xnmjChildCreateRoom.js	fangjian,gaoji,jiesan,kechui,kexuanwanfa,paymentRoomCardType,playerMinNum,playerNum,setCount,shuaitouzi,xianShi,zhuaniao	2325a3c6c6fbae258c3f8c3fda644b1fb5f61a2a6a4735c81a41844a968a7e7d
362	hylymj	mahjong:lai-zi	mahjong/standard-tiles/standard-round/single-winner	PROVINCE/hunan	flowers,wildcard	standard-round,single-winner,gang-ledger,wildcard-resolution	SOURCE_SIGNATURE_AVAILABLE	HYLYMJCalcPosEnd.java;HYLYMJRoomEnum.java;HYLYMJRoomSet.java;HYLYMJSetCard.java;HYLYMJSetOp.java;CHYLYMJCreateRoom.java;CHYLYMJ_CreateRoom.java;BaseCreateRoom.java;hylymjChildCreateRoom.js	ewaifenshu,fangjian,gaoji,guipai,guipaijiafen,jiabei,jiesan,kexuanwanfa,paymentRoomCardType,playerMinNum,playerNum,setCount,shagui,xianShi	60f3d26a0152368abf0228b1096248543db86511a18120b0a86f3985b66f2ddd
363	tjtjmj	mahjong:lai-zi	mahjong/flower-extended/pre-seat-choice/single-winner	PROVINCE/tianjin	flowers,piao-xiapao,response-choice,wildcard	pre-seat-choice,single-winner,gang-ledger,wildcard-resolution	SOURCE_SIGNATURE_AVAILABLE	TJTJMJCalcPosEnd.java;TJTJMJRoomEnum.java;TJTJMJRoomSet.java;TJTJMJSetCard.java;TJTJMJSetOp.java;CTJTJMJCreateRoom.java;CTJTJMJ_CreateRoom.java;BaseCreateRoom.java;tjtjmjChildCreateRoom.js	fangjian,gangfen,gangpai,gaoji,jiesan,kexuanwanfa,moshi,paymentRoomCardType,playerMinNum,playerNum,setCount,xianShi	e7ecd184acad5e0f6c03219c6254d9ecd8d7a7bbc849dcff2e740c27bd81b713
364	bamj	mahjong:lai-zi	mahjong/reduced-suits/pre-seat-choice/multi-winner	PROVINCE/henan	flowers,multi-hu,piao-xiapao,special-hu,wildcard	pre-seat-choice,multi-winner,gang-ledger,wildcard-resolution	SOURCE_SIGNATURE_AVAILABLE	BAMJCalcPosEnd.java;BAMJRoomEnum.java;BAMJRoomSet.java;BAMJSetCard.java;BAMJSetOp.java;BAMJHuUtil.java;CBAMJCreateRoom.java;CBAMJ_CreateRoom.java;BaseCreateRoom.java;bamjChildCreateRoom.js	dianpaosuanfen,fangjian,fengpai,gangdi,gaoji,hupaifangshi,jiesan,kexuanwanfa,paymentRoomCardType,playerMinNum,playerNum,setCount,xianShi,xiapao,zimosuanfen	1efa4c2543eb1170165ceca25d204a07b1520571e0563835242cf9ba81d43116
365	nmgyzmj	mahjong:tui-dao-hu	mahjong/flower-extended/discard-response-window/multi-winner	PROVINCE/neimenggu	flowers,multi-hu,special-hu,wildcard	discard-response-window,multi-winner,gang-ledger,wildcard-resolution	SOURCE_SIGNATURE_AVAILABLE	NMGYZMJCalcPosEnd.java;NMGYZMJRoomEnum.java;NMGYZMJRoomSet.java;NMGYZMJSetCard.java;NMGYZMJSetOp.java;CNMGYZMJCreateRoom.java;CNMGYZMJ_CreateRoom.java;BaseCreateRoom.java;nmgyzmjChildCreateRoom.js	fangjian,gaoji,hupaileixing,jiesan,kexuanwanfa,paymentRoomCardType,playerMinNum,playerNum,setCount,wanfa,xianShi	de26f94d1fdb864e76bb80a6cf33b017cb57ef17e8ee37e9da01ab38856b8bd9
366	jzwzmj	mahjong:xue-liu	mahjong/reduced-suits/pre-seat-choice/single-winner	PROVINCE/henan	flowers,piao-xiapao,special-hu,wildcard	pre-seat-choice,single-winner,gang-ledger,wildcard-resolution	SOURCE_SIGNATURE_AVAILABLE	JZWZMJCalcPosEnd.java;JZWZMJRoomEnum.java;JZWZMJRoomSet.java;JZWZMJSetCard.java;JZWZMJSetOp.java;CJZWZMJCreateRoom.java;CJZWZMJ_CreateRoom.java;BaseCreateRoom.java;jzwzmjChildCreateRoom.js	fangjian,gaoji,huangzhuang,jiesan,kexuanwanfa,paymentRoomCardType,playerMinNum,playerNum,setCount,suanfenyaoqiu,wanfa,xianShi,xiazhuangshezhi	e59f8735f0d2540f2b474c3a18e28fedd363086fa6902ac73c9c61622079e497
367	jcahmj	mahjong:standard	mahjong/standard-tiles/pre-seat-choice/single-winner	PROVINCE/hubei	flowers,horse-bird,response-choice,special-hu,wildcard	pre-seat-choice,single-winner,horse-bird-ledger,gang-ledger,wildcard-resolution	SOURCE_SIGNATURE_AVAILABLE	JCAHMJCalcPosEnd.java;JCAHMJRoomEnum.java;JCAHMJRoomSet.java;JCAHMJSetCard.java;JCAHMJSetOp.java;CJCAHMJCreateRoom.java;CJCAHMJ_CreateRoom.java;BaseCreateRoom.java;jcahmjChildCreateRoom.js	dima,fangjian,gaoji,jiesan,kexuanwanfa,paymentRoomCardType,peimafangshi,playerMinNum,playerNum,setCount,xianShi	a131029d66776d1d78f1856cff63ba6de21e262d23e7ff361a0f81e7d6a483f3
368	sgew	mahjong:lai-zi	mahjong/flower-extended/standard-round/single-winner	PROVINCE/sichuan	flowers	standard-round,single-winner	SOURCE_SIGNATURE_AVAILABLE	SGEWCalcPosEnd.java;SGEWRoomEnum.java;SGEWRoomSet.java;SGEWSetCard.java;SGEWSetOp.java;SGEWHuUtil.java;CSGEWCreateRoom.java;CSGEW_CreateRoom.java;BaseCreateRoom.java;sgewChildCreateRoom.js	chaofanjiadi,fangjian,fanshushangxian,gaoji,jiesan,kexuanwanfa,paymentRoomCardType,playerMinNum,playerNum,setCount,xianShi	862c9bf2a75502df11effdb502f258c12f714ff9d1708fa09c645cf521fa3940
369	lfphmj	mahjong:standard	mahjong/flower-extended/pre-seat-choice/multi-winner	PROVINCE/sichuan	flowers,multi-hu,piao-xiapao,response-choice,wildcard	pre-seat-choice,multi-winner,gang-ledger,wildcard-resolution	SOURCE_SIGNATURE_AVAILABLE	LFPHMJCalcPosEnd.java;LFPHMJRoomEnum.java;LFPHMJRoomSet.java;LFPHMJSetCard.java;LFPHMJSetOp.java;CLFPHMJCreateRoom.java;CLFPHMJ_CreateRoom.java;BaseCreateRoom.java;lfphmjChildCreateRoom.js	dianganghua,duotou,fangjian,fengDing,gaoji,jiesan,kexuanwanfa,paymentRoomCardType,piao,playerMinNum,playerNum,setCount,xianShi	a98491ab503eb665b959e197eadd2f0d6a9bced46ebdaec24eff9e60ec98bd46
370	rxew	mahjong:lai-zi	mahjong/flower-extended/standard-round/single-winner	PROVINCE/sichuan	flowers	standard-round,single-winner	SOURCE_SIGNATURE_AVAILABLE	RXEWCalcPosEnd.java;RXEWRoomEnum.java;RXEWRoomSet.java;RXEWSetCard.java;RXEWSetOp.java;RXEWHuUtil.java;CRXEWCreateRoom.java;CRXEW_CreateRoom.java;BaseCreateRoom.java;rxewChildCreateRoom.js	baoting,chaofanjiadi,fangjian,fanshushangxian,gaoji,jiesan,paymentRoomCardType,playerMinNum,playerNum,setCount,wanfa,xianShi	5cc8ccf13237315708eb1b6e8288802bfeb69160898f301662601f1f36486566
371	sfphmj	mahjong:standard	mahjong/flower-extended/pre-seat-choice/multi-winner	PROVINCE/sichuan	flowers,multi-hu,piao-xiapao,response-choice,wildcard	pre-seat-choice,multi-winner,gang-ledger,wildcard-resolution	SOURCE_SIGNATURE_AVAILABLE	SFPHMJCalcPosEnd.java;SFPHMJRoomEnum.java;SFPHMJRoomSet.java;SFPHMJSetCard.java;SFPHMJSetOp.java;CSFPHMJCreateRoom.java;CSFPHMJ_CreateRoom.java;BaseCreateRoom.java;sfphmjChildCreateRoom.js	dianganghua,duotou,fangjian,fengDing,gaoji,huanzhang,jiesan,kexuanwanfa,paymentRoomCardType,piao,playerMinNum,playerNum,qidui,qishi,setCount,shenlong,xianShi	21cdb2f95d3f524a3533f9fb08f022e69df4fffe3fdf159b2fa2c31b069929f8
372	zcmj	mahjong:lai-zi	mahjong/reduced-suits/pre-seat-choice/single-winner	PROVINCE/henan	flowers,piao-xiapao,response-choice,wildcard	pre-seat-choice,single-winner,gang-ledger,wildcard-resolution	SOURCE_SIGNATURE_AVAILABLE	ZCMJCalcPosEnd.java;ZCMJRoomEnum.java;ZCMJRoomSet.java;ZCMJSetCard.java;ZCMJSetOp.java;CZCMJCreateRoom.java;CZCMJ_CreateRoom.java;BaseCreateRoom.java;zcmjChildCreateRoom.js	fangjian,gaoji,hupaifangshi,jiazui,jiesan,kexuanwanfa,paymentRoomCardType,playerMinNum,playerNum,quemen,setCount,tingpai,wanfa,xianShi	a368dbe9daf6796b8c2ae8b9b69d8ee8a22527d1852ae429082e9515572439dc
373	hyhsmj	mahjong:standard	mahjong/standard-tiles/pre-seat-choice/single-winner	PROVINCE/hunan	flowers,horse-bird,response-choice,special-hu,wildcard	pre-seat-choice,single-winner,horse-bird-ledger,gang-ledger,wildcard-resolution	SOURCE_SIGNATURE_AVAILABLE	HYHSMJCalcPosEnd.java;HYHSMJRoomEnum.java;HYHSMJRoomSet.java;HYHSMJSetCard.java;HYHSMJSetOp.java;CHYHSMJCreateRoom.java;CHYHSMJ_CreateRoom.java;BaseCreateRoom.java;hyhsmjChildCreateRoom.js	fangjian,gaoji,jiesan,kexuanwanfa,paymentRoomCardType,playerMinNum,playerNum,quezhang,setCount,xianShi,zhuaniao	c30e6d6be1c5db15b0588e3e2fc8e825183ad207bb51bc2a86c70feba34ac7ec
374	zgqzmj	mahjong:lai-zi	mahjong/flower-extended/pre-seat-choice/single-winner	PROVINCE/sichuan	flowers,piao-xiapao,response-choice,special-hu,wildcard	pre-seat-choice,single-winner,gang-ledger,wildcard-resolution	SOURCE_SIGNATURE_AVAILABLE	ZGQZMJCalcPosEnd.java;ZGQZMJRoomEnum.java;ZGQZMJRoomSet.java;ZGQZMJSetCard.java;ZGQZMJSetOp.java;CZGQZMJCreateRoom.java;CZGQZMJ_CreateRoom.java;BaseCreateRoom.java;zgqzmjChildCreateRoom.js	dianganghua,fangjian,fengDing,gaoji,jiesan,kexuanwanfa,luobo,paymentRoomCardType,piao,playerMinNum,playerNum,setCount,xianShi,zimo	659b5cb4d719c204379540f9703859061ff4c9eec290e73cd67d20b3e726241f
375	mymj	mahjong:standard	mahjong/standard-tiles/pre-seat-choice/single-winner	PROVINCE/sichuan	flowers,piao-xiapao,response-choice,special-hu,wildcard	pre-seat-choice,single-winner,gang-ledger,wildcard-resolution	SOURCE_SIGNATURE_AVAILABLE	MYMJCalcPosEnd.java;MYMJRoomEnum.java;MYMJRoomSet.java;MYMJSetCard.java;MYMJSetOp.java;CMYMJCreateRoom.java;CMYMJ_CreateRoom.java;BaseCreateRoom.java;mymjChildCreateRoom.js	chajiao,dianganghua,fangjian,fanxing,fengDing,gaoji,huanpai,jiesan,kexuanwanfa,paymentRoomCardType,piaofen,playerMinNum,playerNum,setCount,xianShi,zimojiangli	58759492481c0bf9156b0d569e9d1dc0b41361db5de6fdc0e19aa25f7a137039
377	ahhbmj	mahjong:standard	mahjong/reduced-suits/discard-response-window/multi-winner	PROVINCE/anhui	flowers,multi-hu,special-hu,wildcard	discard-response-window,multi-winner,gang-ledger,wildcard-resolution	SOURCE_SIGNATURE_AVAILABLE	AHHBMJCalcPosEnd.java;AHHBMJRoomEnum.java;AHHBMJRoomSet.java;AHHBMJSetCard.java;AHHBMJSetOp.java;CAHHBMJCreateRoom.java;CAHHBMJ_CreateRoom.java;BaseCreateRoom.java;ahhbmjChildCreateRoom.js	fanbei,fangjian,gangpaisuanfen,gaoji,jiafan,jiesan,kexuanwanfa,paishu,paohufen,paymentRoomCardType,playerMinNum,playerNum,qiangganghu,setCount,xianShi,zimofen	5081b7ce18e97861cb79d7e616dd4dce665df712b1aaccfffd3aa3a33521a15b
378	jsmj	mahjong:lai-zi	mahjong/standard-tiles/standard-round/single-winner	PROVINCE/jiangxi	flowers,special-hu,wildcard	standard-round,single-winner,gang-ledger,wildcard-resolution	SOURCE_SIGNATURE_AVAILABLE	JSMJCalcPosEnd.java;JSMJRoomEnum.java;JSMJRoomSet.java;JSMJSetCard.java;JSMJSetOp.java;CJSMJCreateRoom.java;CJSMJ_CreateRoom.java;BaseCreateRoom.java;jsmjChildCreateRoom.js	bojing,fangjian,fengDing,gangfen,gangjing,gaoji,jiesan,jingfen,kexuanwanfa,paymentRoomCardType,playerMinNum,playerNum,setCount,tiandihu,xianShi	74d59b7bd569dfd1379de8a5dad53bab3e97c193e5a35003eee9c41bf4d0e701
382	nyxxmj	mahjong:standard	mahjong/standard-tiles/pre-seat-choice/single-winner	PROVINCE/henan	flowers,piao-xiapao,response-choice,wildcard	pre-seat-choice,single-winner,wildcard-resolution	SOURCE_SIGNATURE_AVAILABLE	NYXXMJCalcPosEnd.java;NYXXMJRoomEnum.java;NYXXMJRoomSet.java;NYXXMJSetCard.java;NYXXMJSetOp.java;CNYXXMJCreateRoom.java;CNYXXMJ_CreateRoom.java;BaseCreateRoom.java;nyxxmjChildCreateRoom.js	difen,fangjian,fengDing,gaoji,jiesan,moshi,paymentRoomCardType,piaofen,playerMinNum,playerNum,setCount,xianShi	b33efe35057585b1f80f25119d6224cfc6c052af8df1f5bcfd602efc9b0f2b5e
383	pdslsmj	mahjong:standard	mahjong/standard-tiles/standard-round/single-winner	PROVINCE/henan	flowers,wildcard	standard-round,single-winner,wildcard-resolution	SOURCE_SIGNATURE_AVAILABLE	PDSLSMJCalcPosEnd.java;PDSLSMJRoomEnum.java;PDSLSMJRoomSet.java;PDSLSMJSetCard.java;PDSLSMJSetOp.java;CPDSLSMJCreateRoom.java;CPDSLSMJ_CreateRoom.java;BaseCreateRoom.java;pdslsmjChildCreateRoom.js	difen,fangjian,gaoji,jiesan,kexuanwanfa,paymentRoomCardType,playerMinNum,playerNum,setCount,xianShi	4f736bb0fe5652e85bc34c91b249270f96bc93051b5da25aa7c46b123407e442
384	rzmj	mahjong:standard	mahjong/standard-tiles/pre-seat-choice/single-winner	PROVINCE/henan	flowers,piao-xiapao,response-choice,special-hu,wildcard	pre-seat-choice,single-winner,gang-ledger,wildcard-resolution	SOURCE_SIGNATURE_AVAILABLE	RZMJCalcPosEnd.java;RZMJRoomEnum.java;RZMJRoomSet.java;RZMJSetCard.java;RZMJSetOp.java;CRZMJCreateRoom.java;CRZMJ_CreateRoom.java;BaseCreateRoom.java;rzmjChildCreateRoom.js	difen,fangjian,gaoji,jiesan,kexuanwanfa,paymentRoomCardType,playerMinNum,playerNum,setCount,xianShi	da24c679a27c8237d0a72feb84320958429374ba7b2aa6c6b44b4e2dd6ded7c4
386	nxmj	mahjong:tui-dao-hu	mahjong/standard-tiles/standard-round/single-winner	PROVINCE/henna	flowers,wildcard	standard-round,single-winner,wildcard-resolution	SOURCE_SIGNATURE_AVAILABLE	NXMJCalcPosEnd.java;NXMJRoomEnum.java;NXMJRoomSet.java;NXMJSetCard.java;NXMJSetOp.java;CNXMJCreateRoom.java;CNXMJ_CreateRoom.java;BaseCreateRoom.java;nxmjChildCreateRoom.js	difen,fangjian,gaoji,hupai,jiesan,kexuanwanfa,moshi,paymentRoomCardType,playerMinNum,playerNum,setCount,xianShi	9f3454c4def55407a53f91433a5d2a17cf39fd2bdf581cb5ad8db43e7b7e2b37
387	bfmj	mahjong:lai-zi	mahjong/reduced-suits/pre-seat-choice/multi-winner	PROVINCE/henan	flowers,multi-hu,piao-xiapao,response-choice,special-hu,wildcard,xuezhan	pre-seat-choice,multi-winner,gang-ledger,wildcard-resolution	SOURCE_SIGNATURE_AVAILABLE	BFMJCalcPosEnd.java;BFMJRoomEnum.java;BFMJRoomSet.java;BFMJSetCard.java;BFMJSetOp.java;BFMJHuUtil.java;CBFMJCreateRoom.java;CBFMJ_CreateRoom.java;BaseCreateRoom.java;bfmjChildCreateRoom.js	difen,fangjian,gaoji,hupaifangshi,jiesan,kexuanwanfa,paymentRoomCardType,playerMinNum,playerNum,setCount,xianShi	c2bbfce1cb627d8e8e5c6770443a38cff9fb3977d39ff656a9ea96b525cefe7e
388	pdsjxmj	mahjong:standard	mahjong/standard-tiles/pre-seat-choice/single-winner	PROVINCE/henan	flowers,response-choice,special-hu,wildcard	pre-seat-choice,single-winner,gang-ledger,wildcard-resolution	SOURCE_SIGNATURE_AVAILABLE	PDSJXMJCalcPosEnd.java;PDSJXMJRoomEnum.java;PDSJXMJRoomSet.java;PDSJXMJSetCard.java;PDSJXMJSetOp.java;CPDSJXMJCreateRoom.java;CPDSJXMJ_CreateRoom.java;BaseCreateRoom.java;pdsjxmjChildCreateRoom.js	difen,fangjian,gaoji,jiesan,kexuanwanfa,paymentRoomCardType,playerMinNum,playerNum,setCount,xianShi	d24c589936be0305bea3851ab8c48761ca25b442f41c4afda6041afe72d7752c
390	stmj	mahjong:standard	mahjong/flower-extended/pre-seat-choice/single-winner	PROVINCE/anhui	flowers,piao-xiapao,response-choice,special-hu,wildcard	pre-seat-choice,single-winner,gang-ledger,wildcard-resolution	SOURCE_SIGNATURE_AVAILABLE	STMJCalcPosEnd.java;STMJRoomEnum.java;STMJRoomSet.java;STMJSetCard.java;STMJSetOp.java;CSTMJCreateRoom.java;CSTMJ_CreateRoom.java;BaseCreateRoom.java;stmjChildCreateRoom.js	fangjian,gaoji,jiesan,kexuanwanfa,paymentRoomCardType,playerMinNum,playerNum,setCount,xianShi	03d286eace8c1cf06aa6e56cc5d056bab841bf7d69b834890795b8c193be17e5
391	czdzmj	mahjong:standard	mahjong/flower-extended/pre-seat-choice/single-winner	PROVINCE/anhui	flowers,piao-xiapao,response-choice,special-hu,wildcard	pre-seat-choice,single-winner,wildcard-resolution	SOURCE_SIGNATURE_AVAILABLE	CZDZMJCalcPosEnd.java;CZDZMJRoomEnum.java;CZDZMJRoomSet.java;CZDZMJSetCard.java;CZDZMJSetOp.java;CCZDZMJCreateRoom.java;CCZDZMJ_CreateRoom.java;BaseCreateRoom.java;czdzmjChildCreateRoom.js	fangjian,gaoji,jiesan,kexuanwanfa,paymentRoomCardType,playerMinNum,playerNum,setCount,xianShi	5971b085b129635348e78463fe36273f7fc91c0919d3a03b915029d7f322c367
393	qyphmj	mahjong:standard	mahjong/standard-tiles/pre-seat-choice/single-winner	PROVINCE/anhui	flowers,piao-xiapao,response-choice,wildcard	pre-seat-choice,single-winner,wildcard-resolution	SOURCE_SIGNATURE_AVAILABLE	QYPHMJCalcPosEnd.java;QYPHMJRoomEnum.java;QYPHMJRoomSet.java;QYPHMJSetCard.java;QYPHMJSetOp.java;CQYPHMJCreateRoom.java;CQYPHMJ_CreateRoom.java;BaseCreateRoom.java;qyphmjChildCreateRoom.js	fangjian,gaoji,jiesan,kexuanwanfa,paymentRoomCardType,playerMinNum,playerNum,setCount,xianShi	c22d38ef4420884e69b9bd3df80ac8e4eb55328412fabdd0ea896966bedd07e8
395	tbhmj	mahjong:standard	mahjong/flower-extended/standard-round/single-winner	PROVINCE/jiangxi	flowers,special-hu,wildcard	standard-round,single-winner,gang-ledger,wildcard-resolution	SOURCE_SIGNATURE_AVAILABLE	TBHMJCalcPosEnd.java;TBHMJHuUtil.java;TBHMJRoomEnum.java;TBHMJRoomSet.java;TBHMJSetCard.java;TBHMJSetOp.java;CTBHMJCreateRoom.java;CTBHMJ_CreateRoom.java;BaseCreateRoom.java;tbhmjChildCreateRoom.js	fangjian,fengDing,gaoji,jiesan,paymentRoomCardType,playerMinNum,playerNum,setCount,wanfa,xianShi	4be2ddfa8670322e9f929eee2deeae23f4eabe5ec56a3ae9c643e03f3d2f925e
396	hfbzmj	mahjong:standard	mahjong/standard-tiles/pre-seat-choice/single-winner	PROVINCE/anhui	flowers,response-choice,special-hu,wildcard	pre-seat-choice,single-winner,wildcard-resolution	SOURCE_SIGNATURE_AVAILABLE	HFBZMJCalcPosEnd.java;HFBZMJRoomEnum.java;HFBZMJRoomSet.java;HFBZMJSetCard.java;HFBZMJSetOp.java;CHFBZMJCreateRoom.java;CHFBZMJ_CreateRoom.java;BaseCreateRoom.java;hfbzmjChildCreateRoom.js	fangjian,gaoji,hupaifangshi,jiesan,naozhuang,paymentRoomCardType,playerMinNum,playerNum,setCount,xianShi	1e5040c1017003d2f83f1b3a6ea26805345888bbc0454a2be520d7d495f2900b
397	czczmj	mahjong:lai-zi	mahjong/flower-extended/pre-seat-choice/multi-winner	PROVINCE/anhui	flowers,multi-hu,piao-xiapao,response-choice,special-hu,wildcard	pre-seat-choice,multi-winner,gang-ledger,wildcard-resolution	SOURCE_SIGNATURE_AVAILABLE	CZCZMJCalcPosEnd.java;CZCZMJRoomEnum.java;CZCZMJRoomSet.java;CZCZMJSetCard.java;CZCZMJSetOp.java;CZCZMJHuUtil.java;CCZCZMJCreateRoom.java;CCZCZMJ_CreateRoom.java;BaseCreateRoom.java;czczmjChildCreateRoom.js	fangjian,gaoji,jiesan,paymentRoomCardType,piaofen,playerMinNum,playerNum,setCount,xianShi	2260462dfb03c589c7332e979c9b41b8af8a962d09893095013010ee25619a7f
398	dtmj	mahjong:lai-zi	mahjong/flower-extended/pre-seat-choice/multi-winner	PROVINCE/jiangsu	flowers,multi-hu,piao-xiapao,response-choice,special-hu,wildcard	pre-seat-choice,multi-winner,gang-ledger,wildcard-resolution	SOURCE_SIGNATURE_AVAILABLE	DTMJCalcPosEnd.java;DTMJRoomEnum.java;DTMJRoomSet.java;DTMJSetCard.java;DTMJSetOp.java;CDTMJCreateRoom.java;CDTMJ_CreateRoom.java;BaseCreateRoom.java;dtmjChildCreateRoom.js	fangjian,fengDing,gaoji,huafen,hupai,jiesan,kexuanwanfa,paymentRoomCardType,playerMinNum,playerNum,setCount,xianShi	31b1e10e810e0d9ab9fa25d8c0b0c8d5a79f1ceb5f47076bfce3fbf04ac1e350
399	cylymj	mahjong:lai-zi	mahjong/standard-tiles/discard-response-window/multi-winner	PROVINCE/liaoning	flowers,multi-hu,wildcard	discard-response-window,multi-winner,gang-ledger,wildcard-resolution	SOURCE_SIGNATURE_AVAILABLE	CYLYMJCalcPosEnd.java;CYLYMJRoomEnum.java;CYLYMJRoomSet.java;CYLYMJSetCard.java;CYLYMJSetOp.java;CCYLYMJCreateRoom.java;CCYLYMJ_CreateRoom.java;BaseCreateRoom.java;cylymjChildCreateRoom.js	difen,fangjian,fengDing,gangfen,gaoji,guofen,jiesan,kexuanwanfa,paymentRoomCardType,playerMinNum,playerNum,setCount,wanfa,xianShi	2a7224d2ea447a1ebb8dd23d715912e9b3ae1aa0e3884f4cbf3311b886e58a80
400	afmj	mahjong:lai-zi	mahjong/flower-extended/discard-response-window/multi-winner	PROVINCE/jiangxi	flowers,multi-hu,special-hu,wildcard	discard-response-window,multi-winner,gang-ledger,wildcard-resolution	SOURCE_SIGNATURE_AVAILABLE	AFMJCalcPosEnd.java;AFMJRoomEnum.java;AFMJRoomSet.java;AFMJSetCard.java;AFMJSetOp.java;CAFMJCreateRoom.java;CAFMJ_CreateRoom.java;BaseCreateRoom.java;afmjChildCreateRoom.js	fangjian,fengding,gaoji,jiesan,kexuanwanfa,paymentRoomCardType,piaojing,playerMinNum,playerNum,setCount,wanfa,xianShi	47dee3f82bf39b2a54e09a620aa23c061526d19db21264e690ab59497ba13699
402	ststmj	mahjong:standard	mahjong/flower-extended/discard-response-window/multi-winner	PROVINCE/yunnan	flowers,multi-hu,wildcard	discard-response-window,multi-winner,wildcard-resolution	SOURCE_SIGNATURE_AVAILABLE	STSTMJCalcPosEnd.java;STSTMJRoomEnum.java;STSTMJRoomSet.java;STSTMJSetCard.java;STSTMJSetOp.java;CSTSTMJCreateRoom.java;CSTSTMJ_CreateRoom.java;BaseCreateRoom.java;ststmjChildCreateRoom.js	fangjian,fengDing,gaoji,jiesan,kexuanwanfa,paymentRoomCardType,playerMinNum,playerNum,setCount,tingyong,xianShi,zimo	a6634cac5abffcb3d28f2b491a5a0a935f795780343690b67dc8797abae88cae
403	gdczmj	mahjong:standard	mahjong/reduced-suits/pre-seat-choice/multi-winner	PROVINCE/guangdong	flowers,horse-bird,multi-hu,piao-xiapao,special-hu,wildcard	pre-seat-choice,multi-winner,horse-bird-ledger,gang-ledger,wildcard-resolution	SOURCE_SIGNATURE_AVAILABLE	GDCZMJCalcPosEnd.java;GDCZMJRoomEnum.java;GDCZMJRoomSet.java;GDCZMJSetCard.java;GDCZMJSetOp.java;GDCZMJHuUtil.java;CGDCZMJCreateRoom.java;CGDCZMJ_CreateRoom.java;BaseCreateRoom.java;gdczmjChildCreateRoom.js	beishu,fangjian,fengDing,gaoji,guipai,hupai,jiangma,jiesan,kexuanwanfa,maima,paymentRoomCardType,playerMinNum,playerNum,setCount,xianShi	deeded1d87662f36efee13b0627d0126724313572d90ae3232e6163bbb287752
408	asmj	mahjong:lai-zi	mahjong/flower-extended/discard-response-window/multi-winner	PROVINCE/guizhou	flowers,multi-hu,special-hu,wildcard	discard-response-window,multi-winner,gang-ledger,wildcard-resolution	SOURCE_SIGNATURE_AVAILABLE	ASMJCalcPosEnd.java;ASMJRoomEnum.java;ASMJRoomSet.java;ASMJSetCard.java;ASMJSetOp.java;CASMJCreateRoom.java;CASMJ_CreateRoom.java;BaseCreateRoom.java;asmjChildCreateRoom.js	fangjian,gaoji,jiesan,jipai,kexuanwanfa,paymentRoomCardType,playerMinNum,playerNum,setCount,xianShi	76eb62aba5c184d75397b9c00ca13206b052443aa086512e6ed88b55a69b2aad
410	sqycmj	mahjong:lai-zi	mahjong/standard-tiles/pre-seat-choice/single-winner	PROVINCE/henan	flowers,piao-xiapao,response-choice,special-hu,wildcard	pre-seat-choice,single-winner,gang-ledger,wildcard-resolution	SOURCE_SIGNATURE_AVAILABLE	SQYCMJCalcPosEnd.java;SQYCMJRoomEnum.java;SQYCMJRoomSet.java;SQYCMJSetCard.java;SQYCMJSetOp.java;CSQYCMJCreateRoom.java;CSQYCMJ_CreateRoom.java;BaseCreateRoom.java;sqycmjChildCreateRoom.js	fangjian,gaoji,hupai,jiesan,kexuanwanfa,paymentRoomCardType,playerMinNum,playerNum,setCount,xianShi	ea8847702ad4352f8c909fafec8e0f982d6b3e751b8ad1f4127cb0731db1f963
412	yfcgmj	mahjong:lai-zi	mahjong/standard-tiles/pre-seat-choice/single-winner	PROVINCE/jiangxi	flowers,piao-xiapao,response-choice,special-hu,wildcard	pre-seat-choice,single-winner,gang-ledger,wildcard-resolution	SOURCE_SIGNATURE_AVAILABLE	YFCGMJCalcPosEnd.java;YFCGMJRoomEnum.java;YFCGMJRoomSet.java;YFCGMJSetCard.java;YFCGMJSetOp.java;CYFCGMJCreateRoom.java;CYFCGMJ_CreateRoom.java;BaseCreateRoom.java;yfcgmjChildCreateRoom.js	fangjian,fengDing,gaoji,jiesan,jingpai,kexuanwanfa,liuju,paymentRoomCardType,piaofen,playerMinNum,playerNum,setCount,wanfa,xianShi	6713f0449ad3ddc95e19d3fdbf116087823389c34799a420e54f6a0b670b631c
414	phmj	mahjong:lai-zi	mahjong/flower-extended/standard-round/single-winner	PROVINCE/fujian	flowers,special-hu,wildcard,xuezhan	standard-round,single-winner,wildcard-resolution	SOURCE_SIGNATURE_AVAILABLE	PHMJCalcPosEnd.java;PHMJRoomEnum.java;PHMJRoomSet.java;PHMJSetCard.java;PHMJSetOp.java;CPHMJCreateRoom.java;CPHMJ_CreateRoom.java;BaseCreateRoom.java;phmjChildCreateRoom.js	fangjian,gaoji,jiesan,kexuanwanfa,paymentRoomCardType,playerMinNum,playerNum,setCount,wanfa,xianShi	3e37b3870f28adcebf461e18b53583523d320ccd87dcd7f860c86744f16be3a8
416	gjmj	mahjong:lai-zi	mahjong/standard-tiles/discard-response-window/multi-winner	PROVINCE/yunnan	flowers,multi-hu,special-hu,wildcard	discard-response-window,multi-winner,gang-ledger,wildcard-resolution	SOURCE_SIGNATURE_AVAILABLE	GJMJCalcPosEnd.java;GJMJRoomEnum.java;GJMJRoomSet.java;GJMJSetCard.java;GJMJSetOp.java;CGJMJCreateRoom.java;CGJMJ_CreateRoom.java;BaseCreateRoom.java;gjmjChildCreateRoom.js	difen,fangjian,gaoji,hupai,jiesan,kexuanwanfa,paymentRoomCardType,playerMinNum,playerNum,setCount,xianShi	e59e52eb67859f4e1d25ad771571b8aed69274966bd5a442646bd598b705f3d9
420	qjfbbmj	mahjong:lai-zi	mahjong/flower-extended/discard-response-window/multi-winner	PROVINCE/yunnan	flowers,multi-hu,special-hu,wildcard	discard-response-window,multi-winner,wildcard-resolution	SOURCE_SIGNATURE_AVAILABLE	QJFBBMJCalcPosEnd.java;QJFBBMJRoomEnum.java;QJFBBMJRoomSet.java;QJFBBMJSetCard.java;QJFBBMJSetOp.java;CQJFBBMJCreateRoom.java;CQJFBBMJ_CreateRoom.java;BaseCreateRoom.java;qjfbbmjChildCreateRoom.js	fangjian,fengDing,gangshangpao,gaoji,jiesan,kexuanwanfa,lanpai,paymentRoomCardType,playerMinNum,playerNum,qiangganghu,qidui,setCount,xianShi	89c0062bc385fc81d2c73a0b2edd82e9502e176742bd859482c8d644c7e51b44
451	sysybp	mahjong:standard	mahjong/standard-tiles/standard-round/single-winner	PROVINCE/hunan	flowers	standard-round,single-winner	SOURCE_SIGNATURE_AVAILABLE	SYSYBPCalcPosEnd.java;SYSYBPRoomEnum.java;SYSYBPRoomSet.java;SYSYBPSetCard.java;SYSYBPSetOp.java;SYSYBPHuUtil.java;CSYSYBPCreateRoom.java;CSYSYBP_CreateRoom.java;BaseCreateRoom.java;sysybpChildCreateRoom.js	fangjian,gaoji,jiesan,kexuanwanfa,paymentRoomCardType,playerMinNum,playerNum,qihu,setCount,xianShi,zimo	58526eac6b1d0f7e563d6a99a5054cd5302ec6627fa1acdbdc9c148a64ac4d77
453	cxyxmj	mahjong:standard	mahjong/standard-tiles/pre-seat-choice/single-winner	PROVINCE/yunnan	flowers,response-choice,special-hu,wildcard	pre-seat-choice,single-winner,gang-ledger,wildcard-resolution	SOURCE_SIGNATURE_AVAILABLE	CXYXMJCalcPosEnd.java;CXYXMJRoomEnum.java;CXYXMJRoomSet.java;CXYXMJSetCard.java;CXYXMJSetOp.java;CCXYXMJCreateRoom.java;CCXYXMJ_CreateRoom.java;BaseCreateRoom.java;cxyxmjChildCreateRoom.js	dianpao,fangjian,fengDing,fengpai,gangpai,gaoji,jiesan,kexuanwanfa,paymentRoomCardType,playerMinNum,playerNum,qidui,setCount,wanfa,xianShi	14e4d00f80337e71ed7c0bc866449b920ddee01456db34c65b176eaf071d0b4b
459	bsmj	mahjong:standard	mahjong/flower-extended/discard-response-window/multi-winner	PROVINCE/guangxi	flowers,horse-bird,multi-hu,wildcard	discard-response-window,multi-winner,horse-bird-ledger,gang-ledger,wildcard-resolution	SOURCE_SIGNATURE_AVAILABLE	BSMJCalcPosEnd.java;BSMJRoomEnum.java;BSMJRoomSet.java;BSMJSetCard.java;BSMJSetOp.java;CBSMJCreateRoom.java;CBSMJ_CreateRoom.java;BaseCreateRoom.java;bsmjChildCreateRoom.js	fangjian,fengDing,gaoji,jiesan,kexuanwanfa,mashu,paymentRoomCardType,playerMinNum,playerNum,setCount,wanfa,wangpai,xianShi,zhuama	9374b1f83bf914aa83897403c6644d00899088d5154de850734a432a79e48ba8
460	yfmj	mahjong:standard	mahjong/flower-extended/pre-seat-choice/multi-winner	PROVINCE/jiangxi	flowers,multi-hu,piao-xiapao,response-choice,wildcard	pre-seat-choice,multi-winner,gang-ledger,wildcard-resolution	SOURCE_SIGNATURE_AVAILABLE	YFMJCalcPosEnd.java;YFMJRoomEnum.java;YFMJRoomSet.java;YFMJSetCard.java;YFMJSetOp.java;CYFMJCreateRoom.java;CYFMJ_CreateRoom.java;BaseCreateRoom.java;yfmjChildCreateRoom.js	dihu,fangjian,gaoji,jiesan,kexuanwanfa,paymentRoomCardType,piaoshangxian,playerMinNum,playerNum,setCount,xianShi,zhigang,zhuangjia	1e65b6e562a15201c49cf3dad717216c110d4a6090149d06216ebb0d1abf7c99
463	wzqsmj	mahjong:standard	mahjong/flower-extended/pre-seat-choice/single-winner	PROVINCE/jiangxi	flowers,piao-xiapao,special-hu,wildcard	pre-seat-choice,single-winner,wildcard-resolution	SOURCE_SIGNATURE_AVAILABLE	WZQSMJCalcPosEnd.java;WZQSMJRoomEnum.java;WZQSMJRoomSet.java;WZQSMJSetCard.java;WZQSMJSetOp.java;CWZQSMJCreateRoom.java;CWZQSMJ_CreateRoom.java;BaseCreateRoom.java;wzqsmjChildCreateRoom.js	fangjian,gaoji,jiesan,kexuanwanfa,paymentRoomCardType,piaoHua,piaohuaxuanze,playerMinNum,playerNum,setCount,xianShi	0a699c52b206638bbf1629173fe040fa568977d55ad3294fe7f360b095aeefb9
466	lnsymj	mahjong:lai-zi	mahjong/standard-tiles/discard-response-window/multi-winner	PROVINCE/liaoning	flowers,multi-hu,special-hu,wildcard	discard-response-window,multi-winner,wildcard-resolution	SOURCE_SIGNATURE_AVAILABLE	LNSYMJCalcPosEnd.java;LNSYMJRoomEnum.java;LNSYMJRoomSet.java;LNSYMJSetCard.java;LNSYMJSetOp.java;CLNSYMJCreateRoom.java;CLNSYMJ_CreateRoom.java;BaseCreateRoom.java;lnsymjChildCreateRoom.js	fangjian,fengDing,gaoji,jiesan,kexuanwanfa,paymentRoomCardType,playerMinNum,playerNum,setCount,xianShi	1f9c82ff6bcbee04c749e3dc8fead7515580bd137f9b6e4bd52ea905cd161aec
470	hldmj	mahjong:lai-zi	mahjong/reduced-suits/discard-response-window/multi-winner	PROVINCE/liaoning	flowers,multi-hu,special-hu,wildcard	discard-response-window,multi-winner,gang-ledger,wildcard-resolution	SOURCE_SIGNATURE_AVAILABLE	HLDMJCalcPosEnd.java;HLDMJRoomEnum.java;HLDMJRoomSet.java;HLDMJSetCard.java;HLDMJSetOp.java;CHLDMJCreateRoom.java;CHLDMJ_CreateRoom.java;BaseCreateRoom.java;hldmjChildCreateRoom.js	fangjian,fengDing,gaoji,hunpai,jiesan,kexuanwanfa,paymentRoomCardType,playerMinNum,playerNum,setCount,xianShi	bf4b869e5f1d1bbf1a280a3317902ecff740a9ee8c9378dfcd219d3e21cdfe5e
471	scnjmj	mahjong:xue-zhan	mahjong/flower-extended/discard-response-window/multi-winner	PROVINCE/sichaun	flowers,multi-hu,wildcard	discard-response-window,multi-winner,gang-ledger,wildcard-resolution	SOURCE_SIGNATURE_AVAILABLE	SCNJMJCalcPosEnd.java;SCNJMJRoomEnum.java;SCNJMJRoomSet.java;SCNJMJSetCard.java;SCNJMJSetOp.java;CSCNJMJCreateRoom.java;CSCNJMJ_CreateRoom.java;BaseCreateRoom.java;scnjmjChildCreateRoom.js	gaoji,jiesan,kexuanwanfa,paymentRoomCardType,playerMinNum,playerNum,setCount,xianShi	514ee467b5567bedcdf26f587a2402db084b9654307b4310175024b3b17fca1b
473	wxzmmj	mahjong:lai-zi	mahjong/flower-extended/pre-seat-choice/single-winner	PROVINCE/jiangsu	flowers,horse-bird,piao-xiapao,special-hu,wildcard	pre-seat-choice,single-winner,horse-bird-ledger,gang-ledger,wildcard-resolution	SOURCE_SIGNATURE_AVAILABLE	WXZMMJCalcPosEnd.java;WXZMMJRoomEnum.java;WXZMMJRoomSet.java;WXZMMJSetCard.java;WXZMMJSetOp.java;CWXZMMJCreateRoom.java;CWXZMMJ_CreateRoom.java;BaseCreateRoom.java;wxzmmjChildCreateRoom.js	difen,fangjian,gaoji,jiesan,kexuanwanfa,paymentRoomCardType,piaofen,piaofenleixing,playerMinNum,playerNum,qianggang,setCount,xianShi	bf3680cc7d3c31e65fbd861360330bf4fc6e5eea1f9ce8c4244a630bbf18ef7a
491	ycfxmj	mahjong:lai-zi	mahjong/flower-extended/pre-seat-choice/multi-winner	PROVINCE/jiangxi	flowers,horse-bird,multi-hu,piao-xiapao,special-hu,wildcard	pre-seat-choice,multi-winner,horse-bird-ledger,gang-ledger,wildcard-resolution	SOURCE_SIGNATURE_AVAILABLE	YCFXMJCalcPosEnd.java;YCFXMJRoomEnum.java;YCFXMJRoomSet.java;YCFXMJSetCard.java;YCFXMJSetOp.java;CYCFXMJCreateRoom.java;CYCFXMJ_CreateRoom.java;BaseCreateRoom.java;ycfxmjChildCreateRoom.js	fangjian,gaoji,jiesan,kexuanwanfa,mapaishu,paymentRoomCardType,playerMinNum,playerNum,setCount,xianShi	ae049cc3559a5c80b09a0ba0f9246f8102929125220b0f3c6b56506fa63a5cdb
493	ycsgmj	mahjong:lai-zi	mahjong/standard-tiles/pre-seat-choice/multi-winner	PROVINCE/jiangxi	flowers,multi-hu,piao-xiapao,response-choice,special-hu,wildcard	pre-seat-choice,multi-winner,gang-ledger,wildcard-resolution	SOURCE_SIGNATURE_AVAILABLE	YCSGMJCalcPosEnd.java;YCSGMJRoomEnum.java;YCSGMJRoomSet.java;YCSGMJSetCard.java;YCSGMJSetOp.java;CYCSGMJCreateRoom.java;CYCSGMJ_CreateRoom.java;BaseCreateRoom.java;ycsgmjChildCreateRoom.js	fangjian,gaoji,jiesan,kexuanwanfa,lianmai,paymentRoomCardType,piao,playerMinNum,playerNum,setCount,shanghuo,xianShi,xuanpiao,xuanshanghuo	e1f46375f5eb6cf63ddbb00bff73d1d0360f965d910ba8a629b3b5e4fe28f984
494	wabjmj	mahjong:xue-liu	mahjong/reduced-suits/discard-response-window/multi-winner	PROVINCE/jiangxi	flowers,multi-hu,wildcard	discard-response-window,multi-winner,wildcard-resolution	SOURCE_SIGNATURE_AVAILABLE	WABJMJCalcPosEnd.java;WABJMJRoomEnum.java;WABJMJRoomSet.java;WABJMJSetCard.java;WABJMJSetOp.java;CWABJMJCreateRoom.java;CWABJMJ_CreateRoom.java;BaseCreateRoom.java;wabjmjChildCreateRoom.js	fangjian,fengDing,gaoji,jiesan,kexuanwanfa,paymentRoomCardType,playerMinNum,playerNum,queyimen,setCount,xianShi,zhengjing	60fb3fb22351dfbabba243b73fdf7db1aa238725e1e09eba6c4ba6b4d45b30cc
497	klmj	mahjong:standard	mahjong/standard-tiles/discard-response-window/multi-winner	PROVINCE/jiangxi	flowers,horse-bird,multi-hu,wildcard	discard-response-window,multi-winner,horse-bird-ledger,gang-ledger,wildcard-resolution	SOURCE_SIGNATURE_AVAILABLE	KLMJCalcPosEnd.java;KLMJRoomEnum.java;KLMJRoomSet.java;KLMJSetCard.java;KLMJSetOp.java;CKLMJCreateRoom.java;CKLMJ_CreateRoom.java;BaseCreateRoom.java;klmjChildCreateRoom.js	fangjian,gaoji,guipai,jiesan,kexuanwanfa,maima,maimashuliang,paymentRoomCardType,playerMinNum,playerNum,setCount,xianShi	b06458bb66bd5e63d1b3aaa64a2fa0fbd65b1287a148cd3223adf98d0f6946ae
505	hebmj	mahjong:lai-zi	mahjong/flower-extended/pre-seat-choice/multi-winner	PROVINCE/haerbin	flowers,multi-hu,piao-xiapao,special-hu,wildcard	pre-seat-choice,multi-winner,gang-ledger,wildcard-resolution	SOURCE_SIGNATURE_AVAILABLE	HEBMJCalcPosEnd.java;HEBMJRoomEnum.java;HEBMJRoomSet.java;HEBMJSetCard.java;HEBMJSetOp.java;HEBMJHuUtil.java;CHEBMJCreateRoom.java;CHEBMJ_CreateRoom.java;BaseCreateRoom.java;hebmjChildCreateRoom.js	fangjian,gaoji,jiesan,kexuanwanfa,paymentRoomCardType,playerMinNum,playerNum,qiangganghu,setCount,xianShi	84450f488cc9a42c573ce0d907cb4117c393baf8c0481016a5bba8214475c394
506	nbcxmj	mahjong:standard	mahjong/flower-extended/pre-seat-choice/single-winner	PROVINCE/zhejiang	flowers,response-choice,special-hu,wildcard	pre-seat-choice,single-winner,wildcard-resolution	SOURCE_SIGNATURE_AVAILABLE	NBCXMJCalcPosEnd.java;NBCXMJRoomEnum.java;NBCXMJRoomSet.java;NBCXMJSetCard.java;NBCXMJSetOp.java;CNBCXMJCreateRoom.java;CNBCXMJ_CreateRoom.java;BaseCreateRoom.java;nbcxmjChildCreateRoom.js	fangjian,gaoji,jiesan,paymentRoomCardType,playerMinNum,playerNum,setCount,wanfa,xianShi	4745df32fff89782b03f3ddde8fb9f3d8d7261039eeeecb75f715d42b9882e2c
507	sxmj	mahjong:standard	mahjong/flower-extended/standard-round/single-winner	PROVINCE/zhejiang	flowers,wildcard	standard-round,single-winner,wildcard-resolution	SOURCE_SIGNATURE_AVAILABLE	SXMJCalcPosEnd.java;SXMJRoomEnum.java;SXMJRoomSet.java;SXMJSetCard.java;SXMJSetOp.java;CSXMJCreateRoom.java;CSXMJ_CreateRoom.java;BaseCreateRoom.java;sxmjChildCreateRoom.js	fangjian,fengding,gaoji,jiesan,kexuanwanfa,paymentRoomCardType,playerMinNum,playerNum,setCount,xianShi	0a8221a680b00e7327e5a50e0f3ca06adb69dac8aa015d476b2b52b198d0fdcb
510	sxzjmj	mahjong:lai-zi	mahjong/standard-tiles/pre-seat-choice/multi-winner	PROVINCE/zhejiang	flowers,multi-hu,response-choice,special-hu,wildcard	pre-seat-choice,multi-winner,gang-ledger,wildcard-resolution	SOURCE_SIGNATURE_AVAILABLE	SXZJMJCalcPosEnd.java;SXZJMJRoomEnum.java;SXZJMJRoomSet.java;SXZJMJSetCard.java;SXZJMJSetOp.java;CSXZJMJCreateRoom.java;CSXZJMJ_CreateRoom.java;BaseCreateRoom.java;sxzjmjChildCreateRoom.js	difen,fangjian,gaoji,jiesan,kexuanwanfa,paymentRoomCardType,playerMinNum,playerNum,setCount,xianShi	32317dedd905c5a840cedf2f345ca338feb88b0659ed1de645605b9a2d3763cd
511	dsmj	mahjong:standard	mahjong/flower-extended/pre-seat-choice/single-winner	PROVINCE/fujian	flowers,response-choice,special-hu,wildcard	pre-seat-choice,single-winner,gang-ledger,wildcard-resolution	SOURCE_SIGNATURE_AVAILABLE	DSMJCalcPosEnd.java;DSMJRoomEnum.java;DSMJRoomSet.java;DSMJSetCard.java;DSMJSetOp.java;CDSMJCreateRoom.java;CDSMJ_CreateRoom.java;BaseCreateRoom.java;dsmjChildCreateRoom.js	difen,fangjian,gaoji,jiesan,kexuanwanfa,paymentRoomCardType,playerMinNum,playerNum,setCount,xianShi	1ff280ec9b7266a154565721c0b99f02d260fbd4870b93a2c893728f61adc07a
512	jmjsmj	mahjong:lai-zi	mahjong/standard-tiles/pre-seat-choice/multi-winner	PROVINCE/hubei	flowers,multi-hu,piao-xiapao,response-choice,special-hu,wildcard	pre-seat-choice,multi-winner,gang-ledger,wildcard-resolution	SOURCE_SIGNATURE_AVAILABLE	JMJSMJCalcPosEnd.java;JMJSMJRoomEnum.java;JMJSMJRoomSet.java;JMJSMJSetCard.java;JMJSMJSetOp.java;CJMJSMJCreateRoom.java;CJMJSMJ_CreateRoom.java;BaseCreateRoom.java;jmjsmjChildCreateRoom.js	fangjian,gaoji,jiesan,kexuanwanfa,paymentRoomCardType,piaofen,playerMinNum,playerNum,setCount,wanfa,xianShi	f1670e501b005b99805e45ef30085b1131977a8c91b2859ef5dd4024ccff97b0
513	rbmj	mahjong:xue-liu	mahjong/flower-extended/pre-seat-choice/multi-winner	PROVINCE/riben	flowers,multi-hu,response-choice,special-hu,wildcard	pre-seat-choice,multi-winner,wildcard-resolution	SOURCE_SIGNATURE_AVAILABLE	RBMJCalcPosEnd.java;RBMJRoomEnum.java;RBMJRoomSet.java;RBMJSetCard.java;RBMJSetOp.java;RBMJHuUtil.java;CRBMJCreateRoom.java;CRBMJ_CreateRoom.java;BaseCreateRoom.java	""	827ef7c7bfd85797142b694e102c597ecdac8b77bb1f719009519631225de522
515	scgamj	mahjong:lai-zi	mahjong/flower-extended/pre-seat-choice/multi-winner	PROVINCE/sichuan	flowers,multi-hu,piao-xiapao,special-hu,wildcard,xuezhan	pre-seat-choice,multi-winner,gang-ledger,wildcard-resolution	SOURCE_SIGNATURE_AVAILABLE	SCGAMJCalcPosEnd.java;SCGAMJRoomEnum.java;SCGAMJRoomSet.java;SCGAMJSetCard.java;SCGAMJSetOp.java;SCGAMJ_HuUtil.java;CSCGAMJCreateRoom.java;CSCGAMJ_CreateRoom.java;BaseCreateRoom.java;scgamjChildCreateRoom.js	fangjian,gaoji,huansanzhang,jiesan,kexuanwanfa,paymentRoomCardType,playerMinNum,playerNum,setCount,xianShi	3045f874e45a56a324ee21144701d995d9f257324a2f2a4ecb7f2a6bbed1af80
516	cdxzmj	mahjong:xue-zhan	mahjong/flower-extended/standard-round/single-winner	CITY/SC/CD	flowers,wildcard,xuezhan	standard-round,single-winner,wildcard-resolution	SOURCE_SIGNATURE_AVAILABLE	CDXZMJCalcPosEnd.java;CDXZMJRoomEnum.java;CDXZMJRoomSet.java;CDXZMJSetCard.java;CCDXZMJCreateRoom.java;CCDXZMJ_CreateRoom.java;BaseCreateRoom.java;cdxzmjChildCreateRoom.js	fangjian,fengDing,gaoji,jiesan,kexuanwanfa,paymentRoomCardType,playerMinNum,playerNum,setCount,xianShi	d8d0f500f667a97533b99faa3827e41d7da2087de5ff8a3910b46e1e52eb5f2f
518	xlhzmj	mahjong:xue-liu	mahjong/flower-extended/discard-response-window/multi-winner	PROVINCE/sichuan	flowers,multi-hu,wildcard,xuezhan	discard-response-window,multi-winner,gang-ledger,wildcard-resolution	SOURCE_SIGNATURE_AVAILABLE	XLHZMJCalcPosEnd.java;XLHZMJRoomEnum.java;XLHZMJRoomSet.java;XLHZMJSetCard.java;CXLHZMJCreateRoom.java;CXLHZMJ_CreateRoom.java;BaseCreateRoom.java;xlhzmjChildCreateRoom.js	fangjian,fengDing,gaoji,jiesan,kexuanwanfa,paymentRoomCardType,playerMinNum,playerNum,setCount,xianShi	659ba2e11fab38adc7ccaed503cabec97e424350454b6ba0385fe06cca64dced
519	ntcp	mahjong:lai-zi	mahjong/flower-extended/pre-seat-choice/single-winner	PROVINCE/jiangsu	flowers,response-choice,wildcard	pre-seat-choice,single-winner,wildcard-resolution	SOURCE_SIGNATURE_AVAILABLE	NTCPCalcPosEnd.java;NTCPRoomEnum.java;NTCPRoomSet.java;NTCPSetCard.java;NTCPSetOp.java;CNTCPCreateRoom.java;CNTCP_CreateRoom.java;BaseCreateRoom.java;ntcpChildCreateRoom.js	fangjian,gaoji,jiesan,kexuanwanfa,paymentRoomCardType,playerMinNum,playerNum,setCount,xianShi	89d1d914ea25d879e3d6d8859fc295c349abd7ffb16dcb5d5e469fb83fa140a6
524	lwmj	mahjong:lai-zi	mahjong/standard-tiles/pre-seat-choice/multi-winner	PROVINCE/shandong	flowers,multi-hu,piao-xiapao,response-choice,special-hu,wildcard	pre-seat-choice,multi-winner,gang-ledger,wildcard-resolution	SOURCE_SIGNATURE_AVAILABLE	LWMJCalcPosEnd.java;LWMJRoomEnum.java;LWMJRoomSet.java;LWMJSetCard.java;LWMJSetOp.java;CLWMJCreateRoom.java;CLWMJ_CreateRoom.java;BaseCreateRoom.java;lwmjChildCreateRoom.js	fangjian,gaoji,jiesan,kexuanwanfa,minglou,mingloufanbei,palouti,paymentRoomCardType,playerMinNum,playerNum,setCount,xianShi	f234d9f50e109e1621ae75563b3da45cda4476bd0083caa8f067e4bfcea33008
525	lzxzmj	mahjong:xue-zhan	mahjong/flower-extended/discard-response-window/multi-winner	PROVINCE/guangxi	flowers,multi-hu,special-hu,wildcard,xuezhan	discard-response-window,multi-winner,gang-ledger,wildcard-resolution	SOURCE_SIGNATURE_AVAILABLE	LZXZMJCalcPosEnd.java;LZXZMJRoomEnum.java;LZXZMJRoomSet.java;LZXZMJSetCard.java;LZXZMJSetOp.java;LZXZHuUtil.java;CLZXZMJCreateRoom.java;CLZXZMJ_CreateRoom.java;BaseCreateRoom.java;lzxzmjChildCreateRoom.js	fangjian,fengDing,gaoji,jiesan,kexuanwanfa,paymentRoomCardType,playerMinNum,playerNum,setCount,xianShi	88acd8c9bd8837383d4154612b129c3c00834defae38301056d89736e1ca949c
526	lsyjmj	mahjong:xue-zhan	mahjong/flower-extended/standard-round/single-winner	PROVINCE/sichuan	flowers,special-hu,wildcard,xuezhan	standard-round,single-winner,gang-ledger,wildcard-resolution	SOURCE_SIGNATURE_AVAILABLE	LSYJMJCalcPosEnd.java;LSYJMJRoomEnum.java;LSYJMJRoomSet.java;LSYJMJSetCard.java;LSYJMJSetOp.java;CLSYJMJCreateRoom.java;CLSYJMJ_CreateRoom.java;BaseCreateRoom.java;lsyjmjChildCreateRoom.js	fangjian,fengDing,gaoji,jiesan,kexuanwanfa,paymentRoomCardType,playerMinNum,playerNum,setCount,xianShi	04d3fde0e16de564aabefdf9d164ad8d97923798063b263b975e35067f93b2d8
527	sdzzmj	mahjong:standard	mahjong/flower-extended/pre-seat-choice/single-winner	PROVINCE/shandong	flowers,piao-xiapao,response-choice,special-hu,wildcard	pre-seat-choice,single-winner,gang-ledger,wildcard-resolution	SOURCE_SIGNATURE_AVAILABLE	SDZZMJCalcPosEnd.java;SDZZMJRoomEnum.java;SDZZMJRoomSet.java;SDZZMJSetCard.java;SDZZMJSetOp.java;CSDZZMJCreateRoom.java;CSDZZMJ_CreateRoom.java;BaseCreateRoom.java;sdzzmjChildCreateRoom.js	fangjian,gaoji,huapai,jiesan,kexuanwanfa,paymentRoomCardType,playerMinNum,playerNum,setCount,xianShi	2ea8d6e558f85c9b9b551448772c3b3b7c15f2feff050c63d863e0a422bcfdbb
528	sdhzmj	mahjong:standard	mahjong/flower-extended/pre-seat-choice/single-winner	PROVINCE/shandong	flowers,piao-xiapao,response-choice,special-hu,wildcard	pre-seat-choice,single-winner,gang-ledger,wildcard-resolution	SOURCE_SIGNATURE_AVAILABLE	SDHZMJCalcPosEnd.java;SDHZMJRoomEnum.java;SDHZMJRoomSet.java;SDHZMJSetCard.java;SDHZMJSetOp.java;CSDHZMJCreateRoom.java;CSDHZMJ_CreateRoom.java;BaseCreateRoom.java;sdhzmjChildCreateRoom.js	fangjian,gaoji,jiesan,kexuanwanfa,paymentRoomCardType,playerMinNum,playerNum,setCount,xianShi	48f048ab6f663e5d38f6d2c418f4d68df1c847d1958c4d287383fbb63bd0f665
529	xwmj	mahjong:standard	mahjong/flower-extended/standard-round/single-winner	PROVINCE/sichuan	flowers,wildcard,xuezhan	standard-round,single-winner,wildcard-resolution	SOURCE_SIGNATURE_AVAILABLE	XWMJCalcPosEnd.java;XWMJRoomEnum.java;XWMJRoomSet.java;XWMJSetCard.java;XWMJSetOp.java;CXWMJCreateRoom.java;CXWMJ_CreateRoom.java;BaseCreateRoom.java;xwmjChildCreateRoom.js	fangjian,fengding,gaoji,guipai,huansanzhang,jiesan,kexuanwanfa,paymentRoomCardType,playerMinNum,playerNum,setCount,xianShi	f32769e33c822a7f5bc0485e5f3e7ac50ba34f0a78c846f798d4b4141ee7fea6
530	lgmj	mahjong:standard	mahjong/flower-extended/pre-seat-choice/single-winner	PROVINCE/zhejiang	flowers,response-choice,special-hu,wildcard	pre-seat-choice,single-winner,wildcard-resolution	SOURCE_SIGNATURE_AVAILABLE	LGMJCalcPosEnd.java;LGMJRoomEnum.java;LGMJRoomSet.java;LGMJSetCard.java;LGMJSetOp.java;CLGMJCreateRoom.java;CLGMJ_CreateRoom.java;BaseCreateRoom.java;lgmjChildCreateRoom.js	fangjian,gaoji,geizi,jiesan,kexuanwanfa,paymentRoomCardType,playerMinNum,playerNum,setCount,xianShi	03219429e334f5ea537aabd49bcaf465906e088df7fb91eceb20020c9374b895
531	tamj	mahjong:standard	mahjong/standard-tiles/pre-seat-choice/single-winner	PROVINCE/shandong	flowers,piao-xiapao,response-choice,special-hu,wildcard	pre-seat-choice,single-winner,gang-ledger,wildcard-resolution	SOURCE_SIGNATURE_AVAILABLE	TAMJCalcPosEnd.java;TAMJRoomEnum.java;TAMJRoomSet.java;TAMJSetCard.java;TAMJSetOp.java;CTAMJCreateRoom.java;CTAMJ_CreateRoom.java;BaseCreateRoom.java;tamjChildCreateRoom.js	fangjian,gaoji,jiesan,kexuanwanfa,paymentRoomCardType,playerMinNum,playerNum,setCount,xianShi	5f6d2916e223fdff44eec622736993d799b3a5ceaf53686429c9e872e26d222f
532	cnmj	mahjong:xue-liu	mahjong/flower-extended/pre-seat-choice/single-winner	PROVINCE/shanghai	flowers,piao-xiapao,response-choice,wildcard,xuezhan	pre-seat-choice,single-winner,wildcard-resolution	SOURCE_SIGNATURE_AVAILABLE	CNMJCalcPosEnd.java;CNMJRoomEnum.java;CNMJRoomSet.java;CNMJSetCard.java;CNMJSetOp.java;CCNMJCreateRoom.java;CCNMJ_CreateRoom.java;BaseCreateRoom.java;cnmjChildCreateRoom.js	fangjian,fengDing,gaoji,guipai,huansanzhang,jiesan,kexuanwanfa,paymentRoomCardType,piaofen,playerMinNum,playerNum,setCount,xianShi	6dc2e2210eff54ec34ea153ad2963fe356110c30ee8259fee5a7067ca201f5c0
533	zjtzmj	mahjong:lai-zi	mahjong/flower-extended/special-deal/single-winner	PROVINCE/zhejiang	flowers,special-hu,wildcard	special-deal,single-winner,wildcard-resolution	SOURCE_SIGNATURE_AVAILABLE	ZJTZMJCalcPosEnd.java;ZJTZMJRoomEnum.java;ZJTZMJRoomSet.java;ZJTZMJSetCard.java;ZJTZMJSetOp.java;CZJTZMJCreateRoom.java;CZJTZMJ_CreateRoom.java;BaseCreateRoom.java;zjtzmjChildCreateRoom.js	fangjian,gaoji,jiesan,jifen,kexuanwanfa,paymentRoomCardType,playerMinNum,playerNum,setCount,xianShi,zhuangjia	2ec8e0990f32aefe84fc7d9dbe6a44216c8750351f79538e7f9d64343d7db8b2
534	ncaymj	mahjong:standard	mahjong/flower-extended/pre-seat-choice/single-winner	PROVINCE/jiangxi	flowers,response-choice,special-hu,wildcard	pre-seat-choice,single-winner,gang-ledger,wildcard-resolution	SOURCE_SIGNATURE_AVAILABLE	NCAYMJCalcPosEnd.java;NCAYMJRoomEnum.java;NCAYMJRoomSet.java;NCAYMJSetCard.java;NCAYMJSetOp.java;CNCAYMJCreateRoom.java;CNCAYMJ_CreateRoom.java;BaseCreateRoom.java;ncaymjChildCreateRoom.js	fangjian,gaoji,jiesan,kexuanwanfa,paymentRoomCardType,playerMinNum,playerNum,setCount,xianShi	f08b8545e30dd897136872f928786ed67f195e799c8f3f90e3514b8d4c12e831
536	xjbjmj	mahjong:standard	mahjong/flower-extended/standard-round/single-winner	PROVINCE/jiangxi	flowers,horse-bird,special-hu,wildcard	standard-round,single-winner,horse-bird-ledger,wildcard-resolution	SOURCE_SIGNATURE_AVAILABLE	XJBJMJCalcPosEnd.java;XJBJMJRoomEnum.java;XJBJMJRoomSet.java;XJBJMJSetCard.java;XJBJMJSetOp.java;CXJBJMJCreateRoom.java;CXJBJMJ_CreateRoom.java;BaseCreateRoom.java;xjbjmjChildCreateRoom.js	dingjing,fangjian,fengDing,gaoji,jiesan,kexuanwanfa,louhu,paymentRoomCardType,playerMinNum,playerNum,setCount,xianShi	9b16e9b444aa475d76ea1f1ff5767b9d57b0ce823706a1ae2344b9b672379c02
537	sse	mahjong:standard	mahjong/flower-extended/standard-round/single-winner	PROVINCE/jiangsu	flowers,wildcard	standard-round,single-winner,wildcard-resolution	SOURCE_SIGNATURE_AVAILABLE	SSECalcPosEnd.java;SSERoomEnum.java;SSERoomSet.java;SSESetCard.java;SSESetOp.java;CSSECreateRoom.java;CSSE_CreateRoom.java;BaseCreateRoom.java;sseChildCreateRoom.js	dinghu,fangjian,gaoji,jiesan,kexuanwanfa,liangpai,paymentRoomCardType,playerMinNum,playerNum,setCount,xianShi,zhuangjia	e2e3d6ec9bfe589b59dd19bc1c802316698b712b58e985ab509d9cb3a01b42b8
538	lsxzmj	mahjong:standard	mahjong/flower-extended/pre-seat-choice/single-winner	PROVINCE/jiangxi	flowers,response-choice,special-hu,wildcard	pre-seat-choice,single-winner,wildcard-resolution	SOURCE_SIGNATURE_AVAILABLE	LSXZMJCalcPosEnd.java;LSXZMJRoomEnum.java;LSXZMJRoomSet.java;LSXZMJSetCard.java;LSXZMJSetOp.java;CLSXZMJCreateRoom.java;CLSXZMJ_CreateRoom.java;BaseCreateRoom.java;lsxzmjChildCreateRoom.js	fangjian,fengDing,gaoji,jiesan,kexuanwanfa,louhu,paymentRoomCardType,playerMinNum,playerNum,setCount,xianShi	e2b03362f229918304b47cfd73744de4d1912b92a7e13236ddc10179df94ba2a
539	ybgxmj	mahjong:lai-zi	mahjong/standard-tiles/pre-seat-choice/multi-winner	PROVINCE/sichuan	flowers,multi-hu,piao-xiapao,response-choice,special-hu,wildcard	pre-seat-choice,multi-winner,wildcard-resolution	SOURCE_SIGNATURE_AVAILABLE	YBGXMJCalcPosEnd.java;YBGXMJRoomEnum.java;YBGXMJRoomSet.java;YBGXMJSetCard.java;YBGXMJSetOp.java;YBGXHuUtil.java;CYBGXMJCreateRoom.java;CYBGXMJ_CreateRoom.java;BaseCreateRoom.java;ybgxmjChildCreateRoom.js	fangjian,fengding,gaoji,guipai,hupai,jiesan,kexuanwanfa,paymentRoomCardType,piaofen,playerMinNum,playerNum,setCount,xianShi	9037278a21d61ad64ebb43fbd73d8a2247c8b55ea6e9768830e595070b8b386a
542	zymj	mahjong:standard	mahjong/flower-extended/pre-seat-choice/single-winner	PROVINCE/guizhou	flowers,response-choice,wildcard,xuezhan	pre-seat-choice,single-winner,gang-ledger,wildcard-resolution	SOURCE_SIGNATURE_AVAILABLE	ZYMJCalcPosEnd.java;ZYMJRoomEnum.java;ZYMJRoomSet.java;ZYMJSetCard.java;CZYMJCreateRoom.java;CZYMJ_CreateRoom.java;BaseCreateRoom.java;zymjChildCreateRoom.js	fangjian,gaoji,huansanzhang,jiesan,kexuanwanfa,paymentRoomCardType,playerMinNum,playerNum,setCount,xianShi	df83719f320c040ea22ad7f6db68bf32b9b0060c0a690e6600148a1e81da0c9e
545	lhgmmj	mahjong:standard	mahjong/flower-extended/pre-seat-choice/single-winner	PROVINCE/jiangxi	flowers,response-choice,special-hu,wildcard	pre-seat-choice,single-winner,gang-ledger,wildcard-resolution	SOURCE_SIGNATURE_AVAILABLE	LHGMMJCalcPosEnd.java;LHGMMJRoomEnum.java;LHGMMJRoomSet.java;LHGMMJSetCard.java;LHGMMJSetOp.java;CLHGMMJCreateRoom.java;CLHGMMJ_CreateRoom.java;BaseCreateRoom.java;lhgmmjChildCreateRoom.js	fangjian,gaoji,jiesan,kexuanwanfa,louhu,maima,paymentRoomCardType,playerMinNum,playerNum,setCount,xianShi	0236bb61238f85ca2f0b69c5d2400cd6bc08ceff07ae64a7c5f0c9c8145f1393
546	gcmj	mahjong:standard	mahjong/standard-tiles/pre-seat-choice/multi-winner	PROVINCE/jiangsu	flowers,multi-hu,piao-xiapao,response-choice,special-hu,wildcard	pre-seat-choice,multi-winner,gang-ledger,wildcard-resolution	SOURCE_SIGNATURE_AVAILABLE	GCMJCalcPosEnd.java;GCMJRoomEnum.java;GCMJRoomSet.java;GCMJSetCard.java;GCMJSetOp.java;GCMJHuUtil.java;CGCMJCreateRoom.java;CGCMJ_CreateRoom.java;BaseCreateRoom.java	""	bb040303b4d7dd8d3dad5b892054241a336b1fae5ac79b6d7d1f0cc0c61e9b69
547	haxymj	mahjong:standard	mahjong/flower-extended/pre-seat-choice/single-winner	PROVINCE/jiangsu	flowers,response-choice,special-hu,wildcard	pre-seat-choice,single-winner,wildcard-resolution	SOURCE_SIGNATURE_AVAILABLE	HAXYMJCalcPosEnd.java;HAXYMJRoomEnum.java;HAXYMJRoomSet.java;HAXYMJSetCard.java;HAXYMJSetOp.java;CHAXYMJCreateRoom.java;CHAXYMJ_CreateRoom.java;BaseCreateRoom.java;haxymjChildCreateRoom.js	couzhang,daifeng,dianpao,fangjian,fengDing,gaoji,jiesan,paymentRoomCardType,playerMinNum,playerNum,setCount,weifen,weizhang,xianShi	4e48c38bbbf415ef9fe85501ebda73963269f20e8e13f08c4160ea97879d617f
548	scgxmj	mahjong:xue-zhan	mahjong/flower-extended/standard-round/single-winner	PROVINCE/sichuan	flowers,special-hu,wildcard,xuezhan	standard-round,single-winner,gang-ledger,wildcard-resolution	SOURCE_SIGNATURE_AVAILABLE	SCGXMJCalcPosEnd.java;SCGXMJRoomEnum.java;SCGXMJRoomSet.java;SCGXMJSetCard.java;SCGXMJSetOp.java;CSCGXMJCreateRoom.java;CSCGXMJ_CreateRoom.java;BaseCreateRoom.java	""	b4ec91ebeb674962f105d7987e8e00760612544319a9925467983a1fc9065430
549	jtmj	mahjong:standard	mahjong/flower-extended/pre-seat-choice/single-winner	PROVINCE/jiangsu	flowers,response-choice,special-hu,wildcard	pre-seat-choice,single-winner,wildcard-resolution	SOURCE_SIGNATURE_AVAILABLE	JTMJCalcPosEnd.java;JTMJRoomEnum.java;JTMJRoomSet.java;JTMJSetCard.java;JTMJSetOp.java;CJTMJCreateRoom.java;CJTMJ_CreateRoom.java;BaseCreateRoom.java;jtmjChildCreateRoom.js	fangjian,gaoji,huafen,jiesan,kexuanwanfa,paymentRoomCardType,playerMinNum,playerNum,setCount,xianShi	8fcc47a40d9c98a9b7ce80afbdd7b725ec22f80d9f922bbe89323f21a50c5b2a
550	tzjjmj	mahjong:standard	mahjong/standard-tiles/pre-seat-choice/single-winner	PROVINCE/zhejiang	flowers,piao-xiapao,response-choice,special-hu,wildcard	pre-seat-choice,single-winner,wildcard-resolution	SOURCE_SIGNATURE_AVAILABLE	TZJJMJCalcPosEnd.java;TZJJMJRoomEnum.java;TZJJMJRoomSet.java;TZJJMJSetCard.java;TZJJMJSetOp.java;YBGXHuUtil.java;CTZJJMJCreateRoom.java;CTZJJMJ_CreateRoom.java;BaseCreateRoom.java	""	9beb9ce8578e1c0181be09e4c0fd07414cf30ae8cf035cbf2dc5f1d198f4d179
553	tjtgmj	mahjong:standard	mahjong/flower-extended/pre-seat-choice/multi-winner	PROVINCE/tianjin	flowers,multi-hu,piao-xiapao,response-choice,special-hu,wildcard	pre-seat-choice,multi-winner,gang-ledger,wildcard-resolution	SOURCE_SIGNATURE_AVAILABLE	TJTGMJCalcPosEnd.java;TJTGMJRoomEnum.java;TJTGMJRoomSet.java;TJTGMJSetCard.java;TJTGMJHuUtil.java;CTJTGMJCreateRoom.java;CTJTGMJ_CreateRoom.java;BaseCreateRoom.java;tjtgmjChildCreateRoom.js	fangjian,gaoji,jiesan,kexuanwanfa,paymentRoomCardType,playerMinNum,playerNum,setCount,xianShi	fcb90c9a83d804683990cd647382aaa97ab72c72610c775612bc9cdbddbfd32f
557	scdymj	mahjong:xue-zhan	mahjong/flower-extended/discard-response-window/multi-winner	PROVINCE/sichuan	flowers,multi-hu,special-hu,wildcard	discard-response-window,multi-winner,gang-ledger,wildcard-resolution	SOURCE_SIGNATURE_AVAILABLE	SCDYMJCalcPosEnd.java;SCDYMJRoomEnum.java;SCDYMJRoomSet.java;SCDYMJSetCard.java;SCDYMJSetOp.java;SCDYMJHuUtil.java;CSCDYMJCreateRoom.java;CSCDYMJ_CreateRoom.java;BaseCreateRoom.java	""	aa394da01e0986704f7f6c456f5b1c97eb4f4e1637098c6f5b0189aa85804713
560	wjmj	mahjong:lai-zi	mahjong/reduced-suits/pre-seat-choice/multi-winner	PROVINCE/jiangsu	flowers,multi-hu,response-choice,special-hu,wildcard	pre-seat-choice,multi-winner,gang-ledger,wildcard-resolution	SOURCE_SIGNATURE_AVAILABLE	WJMJCalcPosEnd.java;WJMJRoomEnum.java;WJMJRoomSet.java;WJMJSetCard.java;CWJMJCreateRoom.java;CWJMJ_CreateRoom.java;BaseCreateRoom.java;wjmjChildCreateRoom.js	fangjian,gaoji,jiesan,kexuanwanfa,paymentRoomCardType,playerMinNum,playerNum,setCount,xianShi	84b8d3eed7bfa1437b27f6723c2617381094e7d0d98313f4631aafe769c084ca
561	lnjzmj	mahjong:lai-zi	mahjong/flower-extended/discard-response-window/multi-winner	PROVINCE/liaoning	flowers,multi-hu,special-hu,wildcard	discard-response-window,multi-winner,wildcard-resolution	SOURCE_SIGNATURE_AVAILABLE	LNJZMJCalcPosEnd.java;LNJZMJRoomEnum.java;LNJZMJRoomSet.java;LNJZMJSetCard.java;LNJZMJSetOp.java;CLNJZMJCreateRoom.java;CLNJZMJ_CreateRoom.java;BaseCreateRoom.java;lnjzmjChildCreateRoom.js	fangjian,fengDing,gaoji,hunpai,jiesan,kexuanwanfa,paymentRoomCardType,playerMinNum,playerNum,setCount,xianShi	d93858ed94de26716611bdc4ef39d769327a66574e4d150cbc898efc9810bf1d
565	qxwq	mahjong:standard	mahjong/reduced-suits/pre-seat-choice/single-winner	PROVINCE/sichuan	flowers,response-choice,wildcard	pre-seat-choice,single-winner,gang-ledger,wildcard-resolution	SOURCE_SIGNATURE_AVAILABLE	PKSetCard.java;QXWQCalcPosEnd.java;QXWQRoomEnum.java;QXWQRoomSet.java;QXWQSetCard.java;QXWQSetOp.java;CQXWQCreateRoom.java;CQXWQ_CreateRoom.java;BaseCreateRoom.java	""	3550757b8ff5cbe6f6f79c380aa6a5dec1d0c97f5ecd10f6c11a6658de6e15a3
574	yjlymj	mahjong:lai-zi	mahjong/flower-extended/pre-seat-choice/single-winner	PROVINCE/hubei	flowers,response-choice,wildcard	pre-seat-choice,single-winner,gang-ledger,wildcard-resolution	SOURCE_SIGNATURE_AVAILABLE	YJLYMJCalcPosEnd.java;YJLYMJRoomEnum.java;YJLYMJRoomSet.java;YJLYMJSetCard.java;YJLYMJSetOp.java;CYJLYMJCreateRoom.java;CYJLYMJ_CreateRoom.java;BaseCreateRoom.java	""	b2fdf6a5e54ed9ba1101052fb2704ce6f732d14c866064b956170151d01ea7f6
588	dphmj	mahjong:lai-zi	mahjong/flower-extended/pre-seat-choice/multi-winner	NATIONAL	flowers,multi-hu,piao-xiapao,response-choice,special-hu,wildcard,xuezhan	pre-seat-choice,multi-winner,gang-ledger,wildcard-resolution	SOURCE_SIGNATURE_AVAILABLE	DPHMJCalcPosEnd.java;DPHMJRoomEnum.java;DPHMJRoomSet.java;DPHMJSetCard.java;CDPHMJCreateRoom.java;CDPHMJ_CreateRoom.java;BaseCreateRoom.java;dphmjChildCreateRoom.js	biankadiao,dianpao,fangjian,gangdi,gaoji,hupai,jiesan,kexuanwanfa,paymentRoomCardType,piaofen,playerMinNum,playerNum,setCount,xianShi,zimo	fe3ef7355fa8799224993c226ee074a464271e0e3373b11e030ec9e66ef25ae5
594	jayxmj	mahjong:lai-zi	mahjong/standard-tiles/standard-round/single-winner	PROVINCE/jiangxi	flowers,special-hu,wildcard	standard-round,single-winner,gang-ledger,wildcard-resolution	SOURCE_SIGNATURE_AVAILABLE	JAYXMJCalcPosEnd.java;JAYXMJRoomEnum.java;JAYXMJRoomSet.java;JAYXMJSetCard.java;JAYXMJSetOp.java;CJAYXMJCreateRoom.java;CJAYXMJ_CreateRoom.java;BaseCreateRoom.java;jayxmjChildCreateRoom.js	fangjian,fengDing,gaoji,jiesan,jingpai,kexuanwanfa,liuju,paymentRoomCardType,piaofen,playerMinNum,playerNum,setCount,wanfa,xianShi	af040c4b8524ebb56d723f4bcd9bba533d5c04dfbed07ceb5c7569020797e32b
610	jyessz	mahjong:lai-zi	mahjong/flower-extended/pre-seat-choice/single-winner	PROVINCE/jiangsu	flowers,piao-xiapao,response-choice,wildcard	pre-seat-choice,single-winner,gang-ledger,wildcard-resolution	SOURCE_SIGNATURE_AVAILABLE	JYESSZCalcPosEnd.java;JYESSZRoomEnum.java;JYESSZRoomSet.java;JYESSZSetCard.java;JYESSZSetOp.java;JYESSZHuUtil.java;CJYESSZCreateRoom.java;CJYESSZ_CreateRoom.java;BaseCreateRoom.java;jyesszChildCreateRoom.js	chupai,fangjian,fenghu,gaoji,jiesan,junzhuang,kexuanwanfa,paymentRoomCardType,playerMinNum,playerNum,qihu,quansu,setCount,xianShi	5de719a835208a17fdb24394286d318cbf5f785f085123e7d660e9c0ffbb64d7
622	bdjhmj	mahjong:standard	mahjong/flower-extended/standard-round/single-winner	PROVINCE/guangdong	flowers,horse-bird,wildcard	standard-round,single-winner,horse-bird-ledger,wildcard-resolution	SOURCE_SIGNATURE_AVAILABLE	BDJHMJCalcPosEnd.java;BDJHMJRoomEnum.java;BDJHMJRoomSet.java;BDJHMJSetCard.java;BDJHMJSetOp.java;CBDJHMJCreateRoom.java;CBDJHMJ_CreateRoom.java;BaseCreateRoom.java;bdjhmjChildCreateRoom.js	clubCostType,clubId,clubWinnerPayConsume,createType,fangfei,fangjian,gameIndex,gaoji,guipai,jiesan,jushu,kexuanwanfa,mapai,paymentRoomCardType,playerMinNum,playerNum,qidui,renshu,setCount,shisanyao,xianShi,zhongmafangshi	ac9375e7bc86f2e3300cd702492dc95e780b69db088ce80a108beeb588d9b6bd
623	hzbdmj	mahjong:standard	mahjong/flower-extended/standard-round/single-winner	PROVINCE/guangdong	flowers,horse-bird,wildcard	standard-round,single-winner,horse-bird-ledger,gang-ledger,wildcard-resolution	SOURCE_SIGNATURE_AVAILABLE	HZBDMJCalcPosEnd.java;HZBDMJRoomEnum.java;HZBDMJRoomSet.java;HZBDMJSetCard.java;HZBDMJSetOp.java;CHZBDMJCreateRoom.java;CHZBDMJ_CreateRoom.java;BaseCreateRoom.java;hzbdmjChildCreateRoom.js	clubCostType,clubId,clubWinnerPayConsume,createType,fangfei,fangjian,gameIndex,gaoji,guipai,jiesan,jushu,kexuanwanfa,mapai,paymentRoomCardType,playerMinNum,playerNum,renshu,setCount,xianShi,zhongmafangshi	89910a5de10868753065e9356e74658627055889de97124218cb1400b624f7bc
900001	hjmj	mahjong:xue-zhan	mahjong/flower-extended/pre-seat-choice/multi-winner	PROVINCE/unpublished	flowers,horse-bird,multi-hu,piao-xiapao,response-choice,special-hu,wildcard	pre-seat-choice,multi-winner,horse-bird-ledger,gang-ledger,wildcard-resolution	SOURCE_SIGNATURE_AVAILABLE	HJMJCalcPosEnd.java;HJMJRoomEnum.java;HJMJRoomSet.java;HJMJSetCard.java;HJMJSetOp.java;HJMJHuUtil.java;CHJMJCreateRoom.java;CHJMJ_CreateRoom.java;BaseCreateRoom.java	""	f0b60b3a9901200ba4578454c84126f3c8847abe8b56814df49ee4829abdd692
900002	hsmj	mahjong:standard	mahjong/reduced-suits/special-deal/single-winner	PROVINCE/hubei	flowers,special-hu,wildcard	special-deal,single-winner,gang-ledger,wildcard-resolution	SOURCE_SIGNATURE_AVAILABLE	HSMJCalcPosEnd.java;HSMJRoomEnum.java;HSMJRoomSet.java;HSMJSetCard.java;HSMJSetOp.java;CHSMJCreateRoom.java;CHSMJ_CreateRoom.java;BaseCreateRoom.java;hsmjChildCreateRoom.js	fangjian,gaoji,huType,jiesan,kexuanwanfa,paymentRoomCardType,playerMinNum,playerNum,setCount,xianShi,zhuangType	a9f7fc88f0387efebeabd618c98f5d7ed0222e68aa5f6feb981872f44794f21e
900003	msmj	mahjong:xue-zhan	mahjong/flower-extended/discard-response-window/multi-winner	PROVINCE/unpublished	flowers,multi-hu,special-hu,wildcard,xuezhan	discard-response-window,multi-winner,gang-ledger,wildcard-resolution	SOURCE_SIGNATURE_AVAILABLE	MSMJCalcPosEnd.java;MSMJRoomEnum.java;MSMJRoomSet.java;MSMJSetCard.java;MSMJSetOp.java;MSMJHuUtil.java;CMSMJCreateRoom.java;CMSMJ_CreateRoom.java;BaseCreateRoom.java	""	2778048e3a5baaf0967faac7585683671c7e14b754e77ff7162741e8113a6ef9
900006	sdlcmj	mahjong:standard	mahjong/flower-extended/pre-seat-choice/single-winner	PROVINCE/shandong	flowers,piao-xiapao,response-choice,special-hu,wildcard	pre-seat-choice,single-winner,gang-ledger,wildcard-resolution	SOURCE_SIGNATURE_AVAILABLE	SDLCMJCalcPosEnd.java;SDLCMJRoomEnum.java;SDLCMJRoomSet.java;SDLCMJSetCard.java;SDLCMJSetOp.java;CSDLCMJCreateRoom.java;CSDLCMJ_CreateRoom.java;BaseCreateRoom.java;sdlcmjChildCreateRoom.js	baoshuang,daipao,fangjian,gaoji,jiesan,kexuanwanfa,paymentRoomCardType,playerMinNum,playerNum,setCount,xianShi	e6d5dabfbf316f9a77271c712b0312c0256f7f227b818ccdb3d88188059ebfe7
900007	xcmj	mahjong:xue-liu	mahjong/reduced-suits/continuous-win/continuing-settlement	PROVINCE/anhui	flowers,multi-hu,special-hu,wildcard,xuezhan	continuous-win,continuing-settlement,wildcard-resolution	SOURCE_SIGNATURE_AVAILABLE	XCMJCalcPosEnd.java;XCMJRoomEnum.java;XCMJRoomSet.java;XCMJSetCard.java;XCMJXueZhanCalcPosEnd.java;CXCMJCreateRoom.java;CXCMJ_CreateRoom.java;BaseCreateRoom.java;xcmjChildCreateRoom.js	fangjian,gaoji,jiesan,kexuanwanfa1,kexuanwanfa2,laizi,moshi,paymentRoomCardType,playerMinNum,playerNum,setCount,xianShi	3fbfb2e4e86cd6d360cba97435565e3695d0c72442995d8977db390f1ff97a84
900008	xjmj	mahjong:standard	mahjong/standard-tiles/pre-seat-choice/single-winner	PROVINCE/unpublished	flowers,response-choice,special-hu,wildcard	pre-seat-choice,single-winner,gang-ledger,wildcard-resolution	SOURCE_SIGNATURE_AVAILABLE	XJMJCalcPosEnd.java;XJMJRoomEnum.java;XJMJRoomSet.java;XJMJSetCard.java;XJMJSetOp.java;CXJMJCreateRoom.java;CXJMJ_CreateRoom.java;BaseCreateRoom.java;xjmjChildCreateRoom.js	fangjian,gaoji,hupai,jiesan,kexuanwanfa,maima,paymentRoomCardType,playerMinNum,playerNum,setCount,xianShi	426eee24e8ea4273eca17ffa652a32dad1a0be68a9378243bd4c9f4fb17d97da
900009	zzmj	mahjong:lai-zi	mahjong/flower-extended/standard-round/single-winner	PROVINCE/fujian	flowers,wildcard	standard-round,single-winner,wildcard-resolution	SOURCE_SIGNATURE_AVAILABLE	ZZMJCalcPosEnd.java;ZZMJRoomEnum.java;ZZMJRoomSet.java;ZZMJSetCard.java;ZZMJSetOp.java;CZZMJCreateRoom.java;CZZMJ_CreateRoom.java;BaseCreateRoom.java;zzmjChildCreateRoom.js	difen,gaoji,jiesan,kexuanwanfa,paymentRoomCardType,playerMinNum,playerNum,setCount,wanfa,xianShi	cdd6698b25d4b1d7c788e55b914c9ba37d9077d8256aa7d6a9543f4ed9142633
